=== System Info ===
Total RAM:     251.54 GB
Available RAM: 242.08 GB
Used RAM:      9.46 GB (3.8%)
CPU cores (physical/logical): 32 / 64
Disk Total: 254.74 GB, Disk Free: 153.12 GB
OS: Linux-5.15.0-153-generic-x86_64-with-glibc2.35
Python version: 3.10.19
PySpark version: 4.0.1
Setting Spark driver & executor memory to 193 GB
WARNING: Using incubator modules: jdk.incubator.vector
Using Spark's default log4j profile: org/apache/spark/log4j2-defaults.properties
26/01/22 16:59:04 WARN Utils: Your hostname, pc12830, resolves to a loopback address: 127.0.1.1; using 137.248.184.1 instead (on interface enp194s0f0)
26/01/22 16:59:04 WARN Utils: Set SPARK_LOCAL_IP if you need to bind to another address
Using Spark's default log4j profile: org/apache/spark/log4j2-defaults.properties
Setting default log level to "WARN".
To adjust logging level use sc.setLogLevel(newLevel). For SparkR, use setLogLevel(newLevel).
26/01/22 16:59:05 WARN NativeCodeLoader: Unable to load native-hadoop library for your platform... using builtin-java classes where applicable
26/01/22 16:59:05 WARN SparkConf: Note that spark.local.dir will be overridden by the value set by the cluster manager (via SPARK_LOCAL_DIRS in standalone/kubernetes and LOCAL_DIRS in YARN).
26/01/22 16:59:07 WARN SparkSession: Using an existing Spark session; only runtime SQL configurations will take effect.
[Stage 0:>                                                          (0 + 1) / 1]                                                                                [Stage 3:>                                                        (0 + 57) / 57][Stage 3:=>                                                       (1 + 56) / 57][Stage 3:===========================>                            (28 + 29) / 57]                                                                                Train count: 735671
Validation count: 121977
Test count: 367411
root
 |-- Node_block_id: string (nullable = true)
 |-- Timestamp: string (nullable = true)
 |-- Date: string (nullable = true)
 |-- Time: timestamp (nullable = true)
 |-- Content: string (nullable = true)
 |-- Original_Label: string (nullable = true)
 |-- EventId: string (nullable = true)
 |-- EventTemplate: string (nullable = true)
 |-- processed_EventTemplate: string (nullable = true)
 |-- Label: string (nullable = true)
 |-- Type_ds: string (nullable = true)

[INFO] Total unique normal Node_block_ids: 3412
[INFO] Total unique anomaly Node_block_ids: 2890
root
 |-- Node_block_id: string (nullable = true)
 |-- Timestamp: string (nullable = true)
 |-- Date: string (nullable = true)
 |-- Time: timestamp (nullable = true)
 |-- Content: string (nullable = true)
 |-- Original_Label: string (nullable = true)
 |-- EventId: string (nullable = true)
 |-- EventTemplate: string (nullable = true)
 |-- processed_EventTemplate: string (nullable = true)
 |-- Label: string (nullable = true)
 |-- Type_ds: string (nullable = true)
 |-- Temp_label: integer (nullable = false)

26/01/22 16:59:13 WARN WindowExec: No Partition Defined for Window operation! Moving all data to a single partition, this can cause serious performance degradation.
26/01/22 16:59:13 WARN WindowExec: No Partition Defined for Window operation! Moving all data to a single partition, this can cause serious performance degradation.
26/01/22 16:59:13 WARN WindowExec: No Partition Defined for Window operation! Moving all data to a single partition, this can cause serious performance degradation.
26/01/22 16:59:13 WARN WindowExec: No Partition Defined for Window operation! Moving all data to a single partition, this can cause serious performance degradation.
26/01/22 16:59:13 WARN WindowExec: No Partition Defined for Window operation! Moving all data to a single partition, this can cause serious performance degradation.
26/01/22 16:59:13 WARN WindowExec: No Partition Defined for Window operation! Moving all data to a single partition, this can cause serious performance degradation.
26/01/22 16:59:13 WARN WindowExec: No Partition Defined for Window operation! Moving all data to a single partition, this can cause serious performance degradation.
26/01/22 16:59:13 WARN WindowExec: No Partition Defined for Window operation! Moving all data to a single partition, this can cause serious performance degradation.
26/01/22 16:59:13 WARN WindowExec: No Partition Defined for Window operation! Moving all data to a single partition, this can cause serious performance degradation.
26/01/22 16:59:13 WARN WindowExec: No Partition Defined for Window operation! Moving all data to a single partition, this can cause serious performance degradation.
26/01/22 16:59:13 WARN WindowExec: No Partition Defined for Window operation! Moving all data to a single partition, this can cause serious performance degradation.
26/01/22 16:59:13 WARN WindowExec: No Partition Defined for Window operation! Moving all data to a single partition, this can cause serious performance degradation.
26/01/22 16:59:13 WARN WindowExec: No Partition Defined for Window operation! Moving all data to a single partition, this can cause serious performance degradation.
26/01/22 16:59:13 WARN WindowExec: No Partition Defined for Window operation! Moving all data to a single partition, this can cause serious performance degradation.
26/01/22 16:59:13 WARN WindowExec: No Partition Defined for Window operation! Moving all data to a single partition, this can cause serious performance degradation.
26/01/22 16:59:13 WARN WindowExec: No Partition Defined for Window operation! Moving all data to a single partition, this can cause serious performance degradation.
26/01/22 16:59:13 WARN WindowExec: No Partition Defined for Window operation! Moving all data to a single partition, this can cause serious performance degradation.
26/01/22 16:59:13 WARN WindowExec: No Partition Defined for Window operation! Moving all data to a single partition, this can cause serious performance degradation.
[Stage 40:=============================================>       (174 + 28) / 202]                                                                                Extracting features for training and test datasets...
[INFO] DataFrame schema and sample:
root
 |-- Node_block_id: string (nullable = true)
 |-- Timestamp: string (nullable = true)
 |-- Date: string (nullable = true)
 |-- Time: timestamp (nullable = true)
 |-- Content: string (nullable = true)
 |-- Original_Label: string (nullable = true)
 |-- EventId: string (nullable = true)
 |-- EventTemplate: string (nullable = true)
 |-- processed_EventTemplate: string (nullable = true)
 |-- Label: string (nullable = true)
 |-- Type_ds: string (nullable = true)
 |-- Temp_label: integer (nullable = false)

26/01/22 16:59:15 WARN DiskBlockObjectWriter: Error deleting /storage/home/roqaya/NovaAD_Plus/src/tmp/spark-spill/blockmgr-df92e9ff-e7c7-4d78-b1a5-2849326a78a1/10/temp_shuffle_5ce02284-332f-4d93-ac23-12745e8f7563
26/01/22 16:59:15 WARN DiskBlockObjectWriter: Error deleting /storage/home/roqaya/NovaAD_Plus/src/tmp/spark-spill/blockmgr-df92e9ff-e7c7-4d78-b1a5-2849326a78a1/33/temp_shuffle_d85920dd-3a2f-4689-b15b-5bb38098beb1
26/01/22 16:59:15 WARN DiskBlockObjectWriter: Error deleting /storage/home/roqaya/NovaAD_Plus/src/tmp/spark-spill/blockmgr-df92e9ff-e7c7-4d78-b1a5-2849326a78a1/03/temp_shuffle_f139420a-ed81-4073-80b8-e15f122f7d23
26/01/22 16:59:15 WARN DiskBlockObjectWriter: Error deleting /storage/home/roqaya/NovaAD_Plus/src/tmp/spark-spill/blockmgr-df92e9ff-e7c7-4d78-b1a5-2849326a78a1/29/temp_shuffle_ec32c55c-21d1-407c-b598-d922f839e4d9
26/01/22 16:59:15 WARN DiskBlockObjectWriter: Error deleting /storage/home/roqaya/NovaAD_Plus/src/tmp/spark-spill/blockmgr-df92e9ff-e7c7-4d78-b1a5-2849326a78a1/0e/temp_shuffle_5a0c2b3b-165c-4a44-b90f-338b4ff01a84
26/01/22 16:59:15 WARN DiskBlockObjectWriter: Error deleting /storage/home/roqaya/NovaAD_Plus/src/tmp/spark-spill/blockmgr-df92e9ff-e7c7-4d78-b1a5-2849326a78a1/1d/temp_shuffle_f919e48d-7fa1-41e9-be93-67115e8863c6
26/01/22 16:59:15 WARN DiskBlockObjectWriter: Error deleting /storage/home/roqaya/NovaAD_Plus/src/tmp/spark-spill/blockmgr-df92e9ff-e7c7-4d78-b1a5-2849326a78a1/2a/temp_shuffle_93ef5a1e-0ca6-4e0c-8232-8465422d88b2
26/01/22 16:59:15 WARN DiskBlockObjectWriter: Error deleting /storage/home/roqaya/NovaAD_Plus/src/tmp/spark-spill/blockmgr-df92e9ff-e7c7-4d78-b1a5-2849326a78a1/1f/temp_shuffle_3228d9e6-4b28-4dfa-9c99-382222fcff2f
26/01/22 16:59:15 WARN DiskBlockObjectWriter: Error deleting /storage/home/roqaya/NovaAD_Plus/src/tmp/spark-spill/blockmgr-df92e9ff-e7c7-4d78-b1a5-2849326a78a1/3e/temp_shuffle_1f53d862-5ae3-4bbb-b9a1-4b1f402b1cee
26/01/22 16:59:15 WARN DiskBlockObjectWriter: Error deleting /storage/home/roqaya/NovaAD_Plus/src/tmp/spark-spill/blockmgr-df92e9ff-e7c7-4d78-b1a5-2849326a78a1/05/temp_shuffle_0b0e63c7-fca0-442a-8cdc-7d7b693ae995
26/01/22 16:59:15 WARN DiskBlockObjectWriter: Error deleting /storage/home/roqaya/NovaAD_Plus/src/tmp/spark-spill/blockmgr-df92e9ff-e7c7-4d78-b1a5-2849326a78a1/3c/temp_shuffle_3ec4356d-4b0c-422e-adc2-3f1f4e2c2cba
26/01/22 16:59:15 WARN DiskBlockObjectWriter: Error deleting /storage/home/roqaya/NovaAD_Plus/src/tmp/spark-spill/blockmgr-df92e9ff-e7c7-4d78-b1a5-2849326a78a1/3b/temp_shuffle_2ba761b7-d42e-443e-a717-67e17b59a671
26/01/22 16:59:15 WARN DiskBlockObjectWriter: Error deleting /storage/home/roqaya/NovaAD_Plus/src/tmp/spark-spill/blockmgr-df92e9ff-e7c7-4d78-b1a5-2849326a78a1/02/temp_shuffle_fd366cb7-734c-4c05-9fe6-3bb32cc9151e
26/01/22 16:59:15 WARN DiskBlockObjectWriter: Error deleting /storage/home/roqaya/NovaAD_Plus/src/tmp/spark-spill/blockmgr-df92e9ff-e7c7-4d78-b1a5-2849326a78a1/2d/temp_shuffle_a5f43af0-264a-4459-bda5-7a4ee08c9e9a
26/01/22 16:59:15 WARN DiskBlockObjectWriter: Error deleting /storage/home/roqaya/NovaAD_Plus/src/tmp/spark-spill/blockmgr-df92e9ff-e7c7-4d78-b1a5-2849326a78a1/19/temp_shuffle_868e7360-8471-44cf-b176-08270b15c7f7
26/01/22 16:59:15 WARN DiskBlockObjectWriter: Error deleting /storage/home/roqaya/NovaAD_Plus/src/tmp/spark-spill/blockmgr-df92e9ff-e7c7-4d78-b1a5-2849326a78a1/37/temp_shuffle_b2eda56d-d67d-47fe-ad04-2d99a958846f
26/01/22 16:59:15 WARN DiskBlockObjectWriter: Error deleting /storage/home/roqaya/NovaAD_Plus/src/tmp/spark-spill/blockmgr-df92e9ff-e7c7-4d78-b1a5-2849326a78a1/32/temp_shuffle_6c9f170d-46f6-47a3-988e-0484d3bc7cc9
26/01/22 16:59:15 WARN DiskBlockObjectWriter: Error deleting /storage/home/roqaya/NovaAD_Plus/src/tmp/spark-spill/blockmgr-df92e9ff-e7c7-4d78-b1a5-2849326a78a1/01/temp_shuffle_94c50836-c469-4eca-a997-1ac059c88676
26/01/22 16:59:15 WARN DiskBlockObjectWriter: Error deleting /storage/home/roqaya/NovaAD_Plus/src/tmp/spark-spill/blockmgr-df92e9ff-e7c7-4d78-b1a5-2849326a78a1/37/temp_shuffle_75291f16-adac-4ded-82d3-d2a0e9feade8
26/01/22 16:59:15 WARN DiskBlockObjectWriter: Error deleting /storage/home/roqaya/NovaAD_Plus/src/tmp/spark-spill/blockmgr-df92e9ff-e7c7-4d78-b1a5-2849326a78a1/33/temp_shuffle_41e025e8-0861-4bb5-a4cb-86e01f924aa5
26/01/22 16:59:15 WARN DiskBlockObjectWriter: Error deleting /storage/home/roqaya/NovaAD_Plus/src/tmp/spark-spill/blockmgr-df92e9ff-e7c7-4d78-b1a5-2849326a78a1/23/temp_shuffle_afa37ed6-e110-4c86-96c2-cb0d10f4dd38
26/01/22 16:59:15 WARN DiskBlockObjectWriter: Error deleting /storage/home/roqaya/NovaAD_Plus/src/tmp/spark-spill/blockmgr-df92e9ff-e7c7-4d78-b1a5-2849326a78a1/2d/temp_shuffle_aeb75106-a7f7-4ee9-bd7f-b954a4821a89
26/01/22 16:59:15 WARN DiskBlockObjectWriter: Error deleting /storage/home/roqaya/NovaAD_Plus/src/tmp/spark-spill/blockmgr-df92e9ff-e7c7-4d78-b1a5-2849326a78a1/10/temp_shuffle_25acca0f-e185-49c0-a543-4100bd88b069
26/01/22 16:59:15 WARN DiskBlockObjectWriter: Error deleting /storage/home/roqaya/NovaAD_Plus/src/tmp/spark-spill/blockmgr-df92e9ff-e7c7-4d78-b1a5-2849326a78a1/0b/temp_shuffle_9a4a7af9-286b-491a-bf59-df5f3ec8cbe9
26/01/22 16:59:15 WARN DiskBlockObjectWriter: Error deleting /storage/home/roqaya/NovaAD_Plus/src/tmp/spark-spill/blockmgr-df92e9ff-e7c7-4d78-b1a5-2849326a78a1/31/temp_shuffle_578382f0-14b8-446b-818a-b11e654a79eb
26/01/22 16:59:15 WARN DiskBlockObjectWriter: Error deleting /storage/home/roqaya/NovaAD_Plus/src/tmp/spark-spill/blockmgr-df92e9ff-e7c7-4d78-b1a5-2849326a78a1/07/temp_shuffle_6a03f04b-02de-48c7-ab84-1d392e6ce974
26/01/22 16:59:15 WARN DiskBlockObjectWriter: Error deleting /storage/home/roqaya/NovaAD_Plus/src/tmp/spark-spill/blockmgr-df92e9ff-e7c7-4d78-b1a5-2849326a78a1/1c/temp_shuffle_5f289536-642e-4a8f-b3f3-d98c5b787420
26/01/22 16:59:15 WARN DiskBlockObjectWriter: Error deleting /storage/home/roqaya/NovaAD_Plus/src/tmp/spark-spill/blockmgr-df92e9ff-e7c7-4d78-b1a5-2849326a78a1/2d/temp_shuffle_51be38cd-4041-4744-9d2f-ce20f016e7d5
26/01/22 16:59:15 WARN DiskBlockObjectWriter: Error deleting /storage/home/roqaya/NovaAD_Plus/src/tmp/spark-spill/blockmgr-df92e9ff-e7c7-4d78-b1a5-2849326a78a1/2a/temp_shuffle_50405d2d-387e-4f81-a36b-ef70b9585fe3
26/01/22 16:59:15 WARN DiskBlockObjectWriter: Error deleting /storage/home/roqaya/NovaAD_Plus/src/tmp/spark-spill/blockmgr-df92e9ff-e7c7-4d78-b1a5-2849326a78a1/15/temp_shuffle_5296fb77-480d-4ca2-80b4-b020e0ed6dd0
26/01/22 16:59:15 WARN DiskBlockObjectWriter: Error deleting /storage/home/roqaya/NovaAD_Plus/src/tmp/spark-spill/blockmgr-df92e9ff-e7c7-4d78-b1a5-2849326a78a1/30/temp_shuffle_9908a81a-a606-4664-bcbb-0698a338255b
26/01/22 16:59:15 WARN DiskBlockObjectWriter: Error deleting /storage/home/roqaya/NovaAD_Plus/src/tmp/spark-spill/blockmgr-df92e9ff-e7c7-4d78-b1a5-2849326a78a1/27/temp_shuffle_40fb2b27-ec7c-48e7-9ef9-32d197905a78
26/01/22 16:59:15 WARN DiskBlockObjectWriter: Error deleting /storage/home/roqaya/NovaAD_Plus/src/tmp/spark-spill/blockmgr-df92e9ff-e7c7-4d78-b1a5-2849326a78a1/1d/temp_shuffle_62d48d9b-37de-4ed6-8aad-0b013028ac34
26/01/22 16:59:15 WARN DiskBlockObjectWriter: Error deleting /storage/home/roqaya/NovaAD_Plus/src/tmp/spark-spill/blockmgr-df92e9ff-e7c7-4d78-b1a5-2849326a78a1/09/temp_shuffle_b042d63e-caa0-4a35-9921-053756d2336c
26/01/22 16:59:15 WARN DiskBlockObjectWriter: Error deleting /storage/home/roqaya/NovaAD_Plus/src/tmp/spark-spill/blockmgr-df92e9ff-e7c7-4d78-b1a5-2849326a78a1/21/temp_shuffle_4ec7f2c5-f2db-49bc-a848-a1dafae95a35
26/01/22 16:59:15 WARN DiskBlockObjectWriter: Error deleting /storage/home/roqaya/NovaAD_Plus/src/tmp/spark-spill/blockmgr-df92e9ff-e7c7-4d78-b1a5-2849326a78a1/2b/temp_shuffle_914edee2-10d1-4433-9fd6-42301d872c60
26/01/22 16:59:15 WARN DiskBlockObjectWriter: Error deleting /storage/home/roqaya/NovaAD_Plus/src/tmp/spark-spill/blockmgr-df92e9ff-e7c7-4d78-b1a5-2849326a78a1/02/temp_shuffle_d9b257f2-b4b8-4a4d-9d8a-9056db82df8c
26/01/22 16:59:15 WARN DiskBlockObjectWriter: Error deleting /storage/home/roqaya/NovaAD_Plus/src/tmp/spark-spill/blockmgr-df92e9ff-e7c7-4d78-b1a5-2849326a78a1/1e/temp_shuffle_5f447dd0-d500-4ef3-bd30-468cbf21ff16
26/01/22 16:59:15 WARN DiskBlockObjectWriter: Error deleting /storage/home/roqaya/NovaAD_Plus/src/tmp/spark-spill/blockmgr-df92e9ff-e7c7-4d78-b1a5-2849326a78a1/3b/temp_shuffle_6b02ba4a-76dd-4e2a-930d-f8e175355ac6
26/01/22 16:59:15 WARN DiskBlockObjectWriter: Error deleting /storage/home/roqaya/NovaAD_Plus/src/tmp/spark-spill/blockmgr-df92e9ff-e7c7-4d78-b1a5-2849326a78a1/17/temp_shuffle_035de5be-aeb1-4194-8184-8f82775240e5
26/01/22 16:59:15 WARN DiskBlockObjectWriter: Error deleting /storage/home/roqaya/NovaAD_Plus/src/tmp/spark-spill/blockmgr-df92e9ff-e7c7-4d78-b1a5-2849326a78a1/0d/temp_shuffle_fce388e0-7d4d-4036-a83a-dc441ff94b93
26/01/22 16:59:15 WARN DiskBlockObjectWriter: Error deleting /storage/home/roqaya/NovaAD_Plus/src/tmp/spark-spill/blockmgr-df92e9ff-e7c7-4d78-b1a5-2849326a78a1/2f/temp_shuffle_f6b91fde-129e-4876-92b4-ae7afde1b12a
26/01/22 16:59:15 ERROR Executor: Exception in task 33.0 in stage 44.0 (TID 1564)
java.io.FileNotFoundException: /storage/home/roqaya/NovaAD_Plus/src/tmp/spark-spill/blockmgr-df92e9ff-e7c7-4d78-b1a5-2849326a78a1/1f/temp_shuffle_3228d9e6-4b28-4dfa-9c99-382222fcff2f (No such file or directory)
	at java.base/java.io.FileOutputStream.open0(Native Method)
	at java.base/java.io.FileOutputStream.open(FileOutputStream.java:293)
	at java.base/java.io.FileOutputStream.<init>(FileOutputStream.java:235)
	at org.apache.spark.storage.DiskBlockObjectWriter.initialize(DiskBlockObjectWriter.scala:148)
	at org.apache.spark.storage.DiskBlockObjectWriter.open(DiskBlockObjectWriter.scala:168)
	at org.apache.spark.storage.DiskBlockObjectWriter.write(DiskBlockObjectWriter.scala:333)
	at org.apache.spark.shuffle.sort.BypassMergeSortShuffleWriter.write(BypassMergeSortShuffleWriter.java:174)
	at org.apache.spark.shuffle.ShuffleWriteProcessor.write(ShuffleWriteProcessor.scala:57)
	at org.apache.spark.scheduler.ShuffleMapTask.runTask(ShuffleMapTask.scala:111)
	at org.apache.spark.scheduler.ShuffleMapTask.runTask(ShuffleMapTask.scala:54)
	at org.apache.spark.TaskContext.runTaskWithListeners(TaskContext.scala:171)
	at org.apache.spark.scheduler.Task.run(Task.scala:147)
	at org.apache.spark.executor.Executor$TaskRunner.$anonfun$run$5(Executor.scala:647)
	at org.apache.spark.util.SparkErrorUtils.tryWithSafeFinally(SparkErrorUtils.scala:80)
	at org.apache.spark.util.SparkErrorUtils.tryWithSafeFinally$(SparkErrorUtils.scala:77)
	at org.apache.spark.util.Utils$.tryWithSafeFinally(Utils.scala:99)
	at org.apache.spark.executor.Executor$TaskRunner.run(Executor.scala:650)
	at java.base/java.util.concurrent.ThreadPoolExecutor.runWorker(ThreadPoolExecutor.java:1136)
	at java.base/java.util.concurrent.ThreadPoolExecutor$Worker.run(ThreadPoolExecutor.java:635)
	at java.base/java.lang.Thread.run(Thread.java:840)
26/01/22 16:59:15 ERROR Executor: Exception in task 49.0 in stage 44.0 (TID 1580)
java.io.FileNotFoundException: /storage/home/roqaya/NovaAD_Plus/src/tmp/spark-spill/blockmgr-df92e9ff-e7c7-4d78-b1a5-2849326a78a1/03/temp_shuffle_f139420a-ed81-4073-80b8-e15f122f7d23 (No such file or directory)
	at java.base/java.io.FileOutputStream.open0(Native Method)
	at java.base/java.io.FileOutputStream.open(FileOutputStream.java:293)
	at java.base/java.io.FileOutputStream.<init>(FileOutputStream.java:235)
	at org.apache.spark.storage.DiskBlockObjectWriter.initialize(DiskBlockObjectWriter.scala:148)
	at org.apache.spark.storage.DiskBlockObjectWriter.open(DiskBlockObjectWriter.scala:168)
	at org.apache.spark.storage.DiskBlockObjectWriter.write(DiskBlockObjectWriter.scala:333)
	at org.apache.spark.shuffle.sort.BypassMergeSortShuffleWriter.write(BypassMergeSortShuffleWriter.java:174)
	at org.apache.spark.shuffle.ShuffleWriteProcessor.write(ShuffleWriteProcessor.scala:57)
	at org.apache.spark.scheduler.ShuffleMapTask.runTask(ShuffleMapTask.scala:111)
	at org.apache.spark.scheduler.ShuffleMapTask.runTask(ShuffleMapTask.scala:54)
	at org.apache.spark.TaskContext.runTaskWithListeners(TaskContext.scala:171)
	at org.apache.spark.scheduler.Task.run(Task.scala:147)
	at org.apache.spark.executor.Executor$TaskRunner.$anonfun$run$5(Executor.scala:647)
	at org.apache.spark.util.SparkErrorUtils.tryWithSafeFinally(SparkErrorUtils.scala:80)
	at org.apache.spark.util.SparkErrorUtils.tryWithSafeFinally$(SparkErrorUtils.scala:77)
	at org.apache.spark.util.Utils$.tryWithSafeFinally(Utils.scala:99)
	at org.apache.spark.executor.Executor$TaskRunner.run(Executor.scala:650)
	at java.base/java.util.concurrent.ThreadPoolExecutor.runWorker(ThreadPoolExecutor.java:1136)
	at java.base/java.util.concurrent.ThreadPoolExecutor$Worker.run(ThreadPoolExecutor.java:635)
	at java.base/java.lang.Thread.run(Thread.java:840)
26/01/22 16:59:15 ERROR Executor: Exception in task 7.0 in stage 44.0 (TID 1538)
java.io.FileNotFoundException: /storage/home/roqaya/NovaAD_Plus/src/tmp/spark-spill/blockmgr-df92e9ff-e7c7-4d78-b1a5-2849326a78a1/2f/temp_shuffle_f6b91fde-129e-4876-92b4-ae7afde1b12a (No such file or directory)
	at java.base/java.io.FileOutputStream.open0(Native Method)
	at java.base/java.io.FileOutputStream.open(FileOutputStream.java:293)
	at java.base/java.io.FileOutputStream.<init>(FileOutputStream.java:235)
	at org.apache.spark.storage.DiskBlockObjectWriter.initialize(DiskBlockObjectWriter.scala:148)
	at org.apache.spark.storage.DiskBlockObjectWriter.open(DiskBlockObjectWriter.scala:168)
	at org.apache.spark.storage.DiskBlockObjectWriter.write(DiskBlockObjectWriter.scala:333)
	at org.apache.spark.shuffle.sort.BypassMergeSortShuffleWriter.write(BypassMergeSortShuffleWriter.java:174)
	at org.apache.spark.shuffle.ShuffleWriteProcessor.write(ShuffleWriteProcessor.scala:57)
	at org.apache.spark.scheduler.ShuffleMapTask.runTask(ShuffleMapTask.scala:111)
	at org.apache.spark.scheduler.ShuffleMapTask.runTask(ShuffleMapTask.scala:54)
	at org.apache.spark.TaskContext.runTaskWithListeners(TaskContext.scala:171)
	at org.apache.spark.scheduler.Task.run(Task.scala:147)
	at org.apache.spark.executor.Executor$TaskRunner.$anonfun$run$5(Executor.scala:647)
	at org.apache.spark.util.SparkErrorUtils.tryWithSafeFinally(SparkErrorUtils.scala:80)
	at org.apache.spark.util.SparkErrorUtils.tryWithSafeFinally$(SparkErrorUtils.scala:77)
	at org.apache.spark.util.Utils$.tryWithSafeFinally(Utils.scala:99)
	at org.apache.spark.executor.Executor$TaskRunner.run(Executor.scala:650)
	at java.base/java.util.concurrent.ThreadPoolExecutor.runWorker(ThreadPoolExecutor.java:1136)
	at java.base/java.util.concurrent.ThreadPoolExecutor$Worker.run(ThreadPoolExecutor.java:635)
	at java.base/java.lang.Thread.run(Thread.java:840)
26/01/22 16:59:15 ERROR Executor: Exception in task 36.0 in stage 44.0 (TID 1567)
java.io.FileNotFoundException: /storage/home/roqaya/NovaAD_Plus/src/tmp/spark-spill/blockmgr-df92e9ff-e7c7-4d78-b1a5-2849326a78a1/27/temp_shuffle_40fb2b27-ec7c-48e7-9ef9-32d197905a78 (No such file or directory)
	at java.base/java.io.FileOutputStream.open0(Native Method)
	at java.base/java.io.FileOutputStream.open(FileOutputStream.java:293)
	at java.base/java.io.FileOutputStream.<init>(FileOutputStream.java:235)
	at org.apache.spark.storage.DiskBlockObjectWriter.initialize(DiskBlockObjectWriter.scala:148)
	at org.apache.spark.storage.DiskBlockObjectWriter.open(DiskBlockObjectWriter.scala:168)
	at org.apache.spark.storage.DiskBlockObjectWriter.write(DiskBlockObjectWriter.scala:333)
	at org.apache.spark.shuffle.sort.BypassMergeSortShuffleWriter.write(BypassMergeSortShuffleWriter.java:174)
	at org.apache.spark.shuffle.ShuffleWriteProcessor.write(ShuffleWriteProcessor.scala:57)
	at org.apache.spark.scheduler.ShuffleMapTask.runTask(ShuffleMapTask.scala:111)
	at org.apache.spark.scheduler.ShuffleMapTask.runTask(ShuffleMapTask.scala:54)
	at org.apache.spark.TaskContext.runTaskWithListeners(TaskContext.scala:171)
	at org.apache.spark.scheduler.Task.run(Task.scala:147)
	at org.apache.spark.executor.Executor$TaskRunner.$anonfun$run$5(Executor.scala:647)
	at org.apache.spark.util.SparkErrorUtils.tryWithSafeFinally(SparkErrorUtils.scala:80)
	at org.apache.spark.util.SparkErrorUtils.tryWithSafeFinally$(SparkErrorUtils.scala:77)
	at org.apache.spark.util.Utils$.tryWithSafeFinally(Utils.scala:99)
	at org.apache.spark.executor.Executor$TaskRunner.run(Executor.scala:650)
	at java.base/java.util.concurrent.ThreadPoolExecutor.runWorker(ThreadPoolExecutor.java:1136)
	at java.base/java.util.concurrent.ThreadPoolExecutor$Worker.run(ThreadPoolExecutor.java:635)
	at java.base/java.lang.Thread.run(Thread.java:840)
26/01/22 16:59:15 ERROR Executor: Exception in task 23.0 in stage 44.0 (TID 1554)
java.io.FileNotFoundException: /storage/home/roqaya/NovaAD_Plus/src/tmp/spark-spill/blockmgr-df92e9ff-e7c7-4d78-b1a5-2849326a78a1/1c/temp_shuffle_5f289536-642e-4a8f-b3f3-d98c5b787420 (No such file or directory)
	at java.base/java.io.FileOutputStream.open0(Native Method)
	at java.base/java.io.FileOutputStream.open(FileOutputStream.java:293)
	at java.base/java.io.FileOutputStream.<init>(FileOutputStream.java:235)
	at org.apache.spark.storage.DiskBlockObjectWriter.initialize(DiskBlockObjectWriter.scala:148)
	at org.apache.spark.storage.DiskBlockObjectWriter.open(DiskBlockObjectWriter.scala:168)
	at org.apache.spark.storage.DiskBlockObjectWriter.write(DiskBlockObjectWriter.scala:333)
	at org.apache.spark.shuffle.sort.BypassMergeSortShuffleWriter.write(BypassMergeSortShuffleWriter.java:174)
	at org.apache.spark.shuffle.ShuffleWriteProcessor.write(ShuffleWriteProcessor.scala:57)
	at org.apache.spark.scheduler.ShuffleMapTask.runTask(ShuffleMapTask.scala:111)
	at org.apache.spark.scheduler.ShuffleMapTask.runTask(ShuffleMapTask.scala:54)
	at org.apache.spark.TaskContext.runTaskWithListeners(TaskContext.scala:171)
	at org.apache.spark.scheduler.Task.run(Task.scala:147)
	at org.apache.spark.executor.Executor$TaskRunner.$anonfun$run$5(Executor.scala:647)
	at org.apache.spark.util.SparkErrorUtils.tryWithSafeFinally(SparkErrorUtils.scala:80)
	at org.apache.spark.util.SparkErrorUtils.tryWithSafeFinally$(SparkErrorUtils.scala:77)
	at org.apache.spark.util.Utils$.tryWithSafeFinally(Utils.scala:99)
	at org.apache.spark.executor.Executor$TaskRunner.run(Executor.scala:650)
	at java.base/java.util.concurrent.ThreadPoolExecutor.runWorker(ThreadPoolExecutor.java:1136)
	at java.base/java.util.concurrent.ThreadPoolExecutor$Worker.run(ThreadPoolExecutor.java:635)
	at java.base/java.lang.Thread.run(Thread.java:840)
26/01/22 16:59:15 ERROR Executor: Exception in task 34.0 in stage 44.0 (TID 1565)
java.io.FileNotFoundException: /storage/home/roqaya/NovaAD_Plus/src/tmp/spark-spill/blockmgr-df92e9ff-e7c7-4d78-b1a5-2849326a78a1/17/temp_shuffle_035de5be-aeb1-4194-8184-8f82775240e5 (No such file or directory)
	at java.base/java.io.FileOutputStream.open0(Native Method)
	at java.base/java.io.FileOutputStream.open(FileOutputStream.java:293)
	at java.base/java.io.FileOutputStream.<init>(FileOutputStream.java:235)
	at org.apache.spark.storage.DiskBlockObjectWriter.initialize(DiskBlockObjectWriter.scala:148)
	at org.apache.spark.storage.DiskBlockObjectWriter.open(DiskBlockObjectWriter.scala:168)
	at org.apache.spark.storage.DiskBlockObjectWriter.write(DiskBlockObjectWriter.scala:333)
	at org.apache.spark.shuffle.sort.BypassMergeSortShuffleWriter.write(BypassMergeSortShuffleWriter.java:174)
	at org.apache.spark.shuffle.ShuffleWriteProcessor.write(ShuffleWriteProcessor.scala:57)
	at org.apache.spark.scheduler.ShuffleMapTask.runTask(ShuffleMapTask.scala:111)
	at org.apache.spark.scheduler.ShuffleMapTask.runTask(ShuffleMapTask.scala:54)
	at org.apache.spark.TaskContext.runTaskWithListeners(TaskContext.scala:171)
	at org.apache.spark.scheduler.Task.run(Task.scala:147)
	at org.apache.spark.executor.Executor$TaskRunner.$anonfun$run$5(Executor.scala:647)
	at org.apache.spark.util.SparkErrorUtils.tryWithSafeFinally(SparkErrorUtils.scala:80)
	at org.apache.spark.util.SparkErrorUtils.tryWithSafeFinally$(SparkErrorUtils.scala:77)
	at org.apache.spark.util.Utils$.tryWithSafeFinally(Utils.scala:99)
	at org.apache.spark.executor.Executor$TaskRunner.run(Executor.scala:650)
	at java.base/java.util.concurrent.ThreadPoolExecutor.runWorker(ThreadPoolExecutor.java:1136)
	at java.base/java.util.concurrent.ThreadPoolExecutor$Worker.run(ThreadPoolExecutor.java:635)
	at java.base/java.lang.Thread.run(Thread.java:840)
26/01/22 16:59:15 ERROR Executor: Exception in task 46.0 in stage 44.0 (TID 1577)
java.io.FileNotFoundException: /storage/home/roqaya/NovaAD_Plus/src/tmp/spark-spill/blockmgr-df92e9ff-e7c7-4d78-b1a5-2849326a78a1/10/temp_shuffle_25acca0f-e185-49c0-a543-4100bd88b069 (No such file or directory)
	at java.base/java.io.FileOutputStream.open0(Native Method)
	at java.base/java.io.FileOutputStream.open(FileOutputStream.java:293)
	at java.base/java.io.FileOutputStream.<init>(FileOutputStream.java:235)
	at org.apache.spark.storage.DiskBlockObjectWriter.initialize(DiskBlockObjectWriter.scala:148)
	at org.apache.spark.storage.DiskBlockObjectWriter.open(DiskBlockObjectWriter.scala:168)
	at org.apache.spark.storage.DiskBlockObjectWriter.write(DiskBlockObjectWriter.scala:333)
	at org.apache.spark.shuffle.sort.BypassMergeSortShuffleWriter.write(BypassMergeSortShuffleWriter.java:174)
	at org.apache.spark.shuffle.ShuffleWriteProcessor.write(ShuffleWriteProcessor.scala:57)
	at org.apache.spark.scheduler.ShuffleMapTask.runTask(ShuffleMapTask.scala:111)
	at org.apache.spark.scheduler.ShuffleMapTask.runTask(ShuffleMapTask.scala:54)
	at org.apache.spark.TaskContext.runTaskWithListeners(TaskContext.scala:171)
	at org.apache.spark.scheduler.Task.run(Task.scala:147)
	at org.apache.spark.executor.Executor$TaskRunner.$anonfun$run$5(Executor.scala:647)
	at org.apache.spark.util.SparkErrorUtils.tryWithSafeFinally(SparkErrorUtils.scala:80)
	at org.apache.spark.util.SparkErrorUtils.tryWithSafeFinally$(SparkErrorUtils.scala:77)
	at org.apache.spark.util.Utils$.tryWithSafeFinally(Utils.scala:99)
	at org.apache.spark.executor.Executor$TaskRunner.run(Executor.scala:650)
	at java.base/java.util.concurrent.ThreadPoolExecutor.runWorker(ThreadPoolExecutor.java:1136)
	at java.base/java.util.concurrent.ThreadPoolExecutor$Worker.run(ThreadPoolExecutor.java:635)
	at java.base/java.lang.Thread.run(Thread.java:840)
26/01/22 16:59:15 ERROR Executor: Exception in task 12.0 in stage 44.0 (TID 1543)
java.io.FileNotFoundException: /storage/home/roqaya/NovaAD_Plus/src/tmp/spark-spill/blockmgr-df92e9ff-e7c7-4d78-b1a5-2849326a78a1/33/temp_shuffle_41e025e8-0861-4bb5-a4cb-86e01f924aa5 (No such file or directory)
	at java.base/java.io.FileOutputStream.open0(Native Method)
	at java.base/java.io.FileOutputStream.open(FileOutputStream.java:293)
	at java.base/java.io.FileOutputStream.<init>(FileOutputStream.java:235)
	at org.apache.spark.storage.DiskBlockObjectWriter.initialize(DiskBlockObjectWriter.scala:148)
	at org.apache.spark.storage.DiskBlockObjectWriter.open(DiskBlockObjectWriter.scala:168)
	at org.apache.spark.storage.DiskBlockObjectWriter.write(DiskBlockObjectWriter.scala:333)
	at org.apache.spark.shuffle.sort.BypassMergeSortShuffleWriter.write(BypassMergeSortShuffleWriter.java:174)
	at org.apache.spark.shuffle.ShuffleWriteProcessor.write(ShuffleWriteProcessor.scala:57)
	at org.apache.spark.scheduler.ShuffleMapTask.runTask(ShuffleMapTask.scala:111)
	at org.apache.spark.scheduler.ShuffleMapTask.runTask(ShuffleMapTask.scala:54)
	at org.apache.spark.TaskContext.runTaskWithListeners(TaskContext.scala:171)
	at org.apache.spark.scheduler.Task.run(Task.scala:147)
	at org.apache.spark.executor.Executor$TaskRunner.$anonfun$run$5(Executor.scala:647)
	at org.apache.spark.util.SparkErrorUtils.tryWithSafeFinally(SparkErrorUtils.scala:80)
	at org.apache.spark.util.SparkErrorUtils.tryWithSafeFinally$(SparkErrorUtils.scala:77)
	at org.apache.spark.util.Utils$.tryWithSafeFinally(Utils.scala:99)
	at org.apache.spark.executor.Executor$TaskRunner.run(Executor.scala:650)
	at java.base/java.util.concurrent.ThreadPoolExecutor.runWorker(ThreadPoolExecutor.java:1136)
	at java.base/java.util.concurrent.ThreadPoolExecutor$Worker.run(ThreadPoolExecutor.java:635)
	at java.base/java.lang.Thread.run(Thread.java:840)
26/01/22 16:59:15 ERROR Executor: Exception in task 39.0 in stage 44.0 (TID 1570)
java.io.FileNotFoundException: /storage/home/roqaya/NovaAD_Plus/src/tmp/spark-spill/blockmgr-df92e9ff-e7c7-4d78-b1a5-2849326a78a1/37/temp_shuffle_75291f16-adac-4ded-82d3-d2a0e9feade8 (No such file or directory)
	at java.base/java.io.FileOutputStream.open0(Native Method)
	at java.base/java.io.FileOutputStream.open(FileOutputStream.java:293)
	at java.base/java.io.FileOutputStream.<init>(FileOutputStream.java:235)
	at org.apache.spark.storage.DiskBlockObjectWriter.initialize(DiskBlockObjectWriter.scala:148)
	at org.apache.spark.storage.DiskBlockObjectWriter.open(DiskBlockObjectWriter.scala:168)
	at org.apache.spark.storage.DiskBlockObjectWriter.write(DiskBlockObjectWriter.scala:333)
	at org.apache.spark.shuffle.sort.BypassMergeSortShuffleWriter.write(BypassMergeSortShuffleWriter.java:174)
	at org.apache.spark.shuffle.ShuffleWriteProcessor.write(ShuffleWriteProcessor.scala:57)
	at org.apache.spark.scheduler.ShuffleMapTask.runTask(ShuffleMapTask.scala:111)
	at org.apache.spark.scheduler.ShuffleMapTask.runTask(ShuffleMapTask.scala:54)
	at org.apache.spark.TaskContext.runTaskWithListeners(TaskContext.scala:171)
	at org.apache.spark.scheduler.Task.run(Task.scala:147)
	at org.apache.spark.executor.Executor$TaskRunner.$anonfun$run$5(Executor.scala:647)
	at org.apache.spark.util.SparkErrorUtils.tryWithSafeFinally(SparkErrorUtils.scala:80)
	at org.apache.spark.util.SparkErrorUtils.tryWithSafeFinally$(SparkErrorUtils.scala:77)
	at org.apache.spark.util.Utils$.tryWithSafeFinally(Utils.scala:99)
	at org.apache.spark.executor.Executor$TaskRunner.run(Executor.scala:650)
	at java.base/java.util.concurrent.ThreadPoolExecutor.runWorker(ThreadPoolExecutor.java:1136)
	at java.base/java.util.concurrent.ThreadPoolExecutor$Worker.run(ThreadPoolExecutor.java:635)
	at java.base/java.lang.Thread.run(Thread.java:840)
26/01/22 16:59:15 ERROR Executor: Exception in task 21.0 in stage 44.0 (TID 1552)
java.io.FileNotFoundException: /storage/home/roqaya/NovaAD_Plus/src/tmp/spark-spill/blockmgr-df92e9ff-e7c7-4d78-b1a5-2849326a78a1/2d/temp_shuffle_51be38cd-4041-4744-9d2f-ce20f016e7d5 (No such file or directory)
	at java.base/java.io.FileOutputStream.open0(Native Method)
	at java.base/java.io.FileOutputStream.open(FileOutputStream.java:293)
	at java.base/java.io.FileOutputStream.<init>(FileOutputStream.java:235)
	at org.apache.spark.storage.DiskBlockObjectWriter.initialize(DiskBlockObjectWriter.scala:148)
	at org.apache.spark.storage.DiskBlockObjectWriter.open(DiskBlockObjectWriter.scala:168)
	at org.apache.spark.storage.DiskBlockObjectWriter.write(DiskBlockObjectWriter.scala:333)
	at org.apache.spark.shuffle.sort.BypassMergeSortShuffleWriter.write(BypassMergeSortShuffleWriter.java:174)
	at org.apache.spark.shuffle.ShuffleWriteProcessor.write(ShuffleWriteProcessor.scala:57)
	at org.apache.spark.scheduler.ShuffleMapTask.runTask(ShuffleMapTask.scala:111)
	at org.apache.spark.scheduler.ShuffleMapTask.runTask(ShuffleMapTask.scala:54)
	at org.apache.spark.TaskContext.runTaskWithListeners(TaskContext.scala:171)
	at org.apache.spark.scheduler.Task.run(Task.scala:147)
	at org.apache.spark.executor.Executor$TaskRunner.$anonfun$run$5(Executor.scala:647)
	at org.apache.spark.util.SparkErrorUtils.tryWithSafeFinally(SparkErrorUtils.scala:80)
	at org.apache.spark.util.SparkErrorUtils.tryWithSafeFinally$(SparkErrorUtils.scala:77)
	at org.apache.spark.util.Utils$.tryWithSafeFinally(Utils.scala:99)
	at org.apache.spark.executor.Executor$TaskRunner.run(Executor.scala:650)
	at java.base/java.util.concurrent.ThreadPoolExecutor.runWorker(ThreadPoolExecutor.java:1136)
	at java.base/java.util.concurrent.ThreadPoolExecutor$Worker.run(ThreadPoolExecutor.java:635)
	at java.base/java.lang.Thread.run(Thread.java:840)
26/01/22 16:59:15 ERROR Executor: Exception in task 3.0 in stage 44.0 (TID 1534)
java.io.FileNotFoundException: /storage/home/roqaya/NovaAD_Plus/src/tmp/spark-spill/blockmgr-df92e9ff-e7c7-4d78-b1a5-2849326a78a1/0e/temp_shuffle_5a0c2b3b-165c-4a44-b90f-338b4ff01a84 (No such file or directory)
	at java.base/java.io.FileOutputStream.open0(Native Method)
	at java.base/java.io.FileOutputStream.open(FileOutputStream.java:293)
	at java.base/java.io.FileOutputStream.<init>(FileOutputStream.java:235)
	at org.apache.spark.storage.DiskBlockObjectWriter.initialize(DiskBlockObjectWriter.scala:148)
	at org.apache.spark.storage.DiskBlockObjectWriter.open(DiskBlockObjectWriter.scala:168)
	at org.apache.spark.storage.DiskBlockObjectWriter.write(DiskBlockObjectWriter.scala:333)
	at org.apache.spark.shuffle.sort.BypassMergeSortShuffleWriter.write(BypassMergeSortShuffleWriter.java:174)
	at org.apache.spark.shuffle.ShuffleWriteProcessor.write(ShuffleWriteProcessor.scala:57)
	at org.apache.spark.scheduler.ShuffleMapTask.runTask(ShuffleMapTask.scala:111)
	at org.apache.spark.scheduler.ShuffleMapTask.runTask(ShuffleMapTask.scala:54)
	at org.apache.spark.TaskContext.runTaskWithListeners(TaskContext.scala:171)
	at org.apache.spark.scheduler.Task.run(Task.scala:147)
	at org.apache.spark.executor.Executor$TaskRunner.$anonfun$run$5(Executor.scala:647)
	at org.apache.spark.util.SparkErrorUtils.tryWithSafeFinally(SparkErrorUtils.scala:80)
	at org.apache.spark.util.SparkErrorUtils.tryWithSafeFinally$(SparkErrorUtils.scala:77)
	at org.apache.spark.util.Utils$.tryWithSafeFinally(Utils.scala:99)
	at org.apache.spark.executor.Executor$TaskRunner.run(Executor.scala:650)
	at java.base/java.util.concurrent.ThreadPoolExecutor.runWorker(ThreadPoolExecutor.java:1136)
	at java.base/java.util.concurrent.ThreadPoolExecutor$Worker.run(ThreadPoolExecutor.java:635)
	at java.base/java.lang.Thread.run(Thread.java:840)
26/01/22 16:59:15 ERROR Executor: Exception in task 19.0 in stage 44.0 (TID 1550)
java.io.FileNotFoundException: /storage/home/roqaya/NovaAD_Plus/src/tmp/spark-spill/blockmgr-df92e9ff-e7c7-4d78-b1a5-2849326a78a1/0d/temp_shuffle_fce388e0-7d4d-4036-a83a-dc441ff94b93 (No such file or directory)
	at java.base/java.io.FileOutputStream.open0(Native Method)
	at java.base/java.io.FileOutputStream.open(FileOutputStream.java:293)
	at java.base/java.io.FileOutputStream.<init>(FileOutputStream.java:235)
	at org.apache.spark.storage.DiskBlockObjectWriter.initialize(DiskBlockObjectWriter.scala:148)
	at org.apache.spark.storage.DiskBlockObjectWriter.open(DiskBlockObjectWriter.scala:168)
	at org.apache.spark.storage.DiskBlockObjectWriter.write(DiskBlockObjectWriter.scala:333)
	at org.apache.spark.shuffle.sort.BypassMergeSortShuffleWriter.write(BypassMergeSortShuffleWriter.java:174)
	at org.apache.spark.shuffle.ShuffleWriteProcessor.write(ShuffleWriteProcessor.scala:57)
	at org.apache.spark.scheduler.ShuffleMapTask.runTask(ShuffleMapTask.scala:111)
	at org.apache.spark.scheduler.ShuffleMapTask.runTask(ShuffleMapTask.scala:54)
	at org.apache.spark.TaskContext.runTaskWithListeners(TaskContext.scala:171)
	at org.apache.spark.scheduler.Task.run(Task.scala:147)
	at org.apache.spark.executor.Executor$TaskRunner.$anonfun$run$5(Executor.scala:647)
	at org.apache.spark.util.SparkErrorUtils.tryWithSafeFinally(SparkErrorUtils.scala:80)
	at org.apache.spark.util.SparkErrorUtils.tryWithSafeFinally$(SparkErrorUtils.scala:77)
	at org.apache.spark.util.Utils$.tryWithSafeFinally(Utils.scala:99)
	at org.apache.spark.executor.Executor$TaskRunner.run(Executor.scala:650)
	at java.base/java.util.concurrent.ThreadPoolExecutor.runWorker(ThreadPoolExecutor.java:1136)
	at java.base/java.util.concurrent.ThreadPoolExecutor$Worker.run(ThreadPoolExecutor.java:635)
	at java.base/java.lang.Thread.run(Thread.java:840)
26/01/22 16:59:15 ERROR Executor: Exception in task 47.0 in stage 44.0 (TID 1578)
java.io.FileNotFoundException: /storage/home/roqaya/NovaAD_Plus/src/tmp/spark-spill/blockmgr-df92e9ff-e7c7-4d78-b1a5-2849326a78a1/3c/temp_shuffle_3ec4356d-4b0c-422e-adc2-3f1f4e2c2cba (No such file or directory)
	at java.base/java.io.FileOutputStream.open0(Native Method)
	at java.base/java.io.FileOutputStream.open(FileOutputStream.java:293)
	at java.base/java.io.FileOutputStream.<init>(FileOutputStream.java:235)
	at org.apache.spark.storage.DiskBlockObjectWriter.initialize(DiskBlockObjectWriter.scala:148)
	at org.apache.spark.storage.DiskBlockObjectWriter.open(DiskBlockObjectWriter.scala:168)
	at org.apache.spark.storage.DiskBlockObjectWriter.write(DiskBlockObjectWriter.scala:333)
	at org.apache.spark.shuffle.sort.BypassMergeSortShuffleWriter.write(BypassMergeSortShuffleWriter.java:174)
	at org.apache.spark.shuffle.ShuffleWriteProcessor.write(ShuffleWriteProcessor.scala:57)
	at org.apache.spark.scheduler.ShuffleMapTask.runTask(ShuffleMapTask.scala:111)
	at org.apache.spark.scheduler.ShuffleMapTask.runTask(ShuffleMapTask.scala:54)
	at org.apache.spark.TaskContext.runTaskWithListeners(TaskContext.scala:171)
	at org.apache.spark.scheduler.Task.run(Task.scala:147)
	at org.apache.spark.executor.Executor$TaskRunner.$anonfun$run$5(Executor.scala:647)
	at org.apache.spark.util.SparkErrorUtils.tryWithSafeFinally(SparkErrorUtils.scala:80)
	at org.apache.spark.util.SparkErrorUtils.tryWithSafeFinally$(SparkErrorUtils.scala:77)
	at org.apache.spark.util.Utils$.tryWithSafeFinally(Utils.scala:99)
	at org.apache.spark.executor.Executor$TaskRunner.run(Executor.scala:650)
	at java.base/java.util.concurrent.ThreadPoolExecutor.runWorker(ThreadPoolExecutor.java:1136)
	at java.base/java.util.concurrent.ThreadPoolExecutor$Worker.run(ThreadPoolExecutor.java:635)
	at java.base/java.lang.Thread.run(Thread.java:840)
26/01/22 16:59:15 ERROR Executor: Exception in task 25.0 in stage 44.0 (TID 1556)
java.io.FileNotFoundException: /storage/home/roqaya/NovaAD_Plus/src/tmp/spark-spill/blockmgr-df92e9ff-e7c7-4d78-b1a5-2849326a78a1/2a/temp_shuffle_93ef5a1e-0ca6-4e0c-8232-8465422d88b2 (No such file or directory)
	at java.base/java.io.FileOutputStream.open0(Native Method)
	at java.base/java.io.FileOutputStream.open(FileOutputStream.java:293)
	at java.base/java.io.FileOutputStream.<init>(FileOutputStream.java:235)
	at org.apache.spark.storage.DiskBlockObjectWriter.initialize(DiskBlockObjectWriter.scala:148)
	at org.apache.spark.storage.DiskBlockObjectWriter.open(DiskBlockObjectWriter.scala:168)
	at org.apache.spark.storage.DiskBlockObjectWriter.write(DiskBlockObjectWriter.scala:333)
	at org.apache.spark.shuffle.sort.BypassMergeSortShuffleWriter.write(BypassMergeSortShuffleWriter.java:174)
	at org.apache.spark.shuffle.ShuffleWriteProcessor.write(ShuffleWriteProcessor.scala:57)
	at org.apache.spark.scheduler.ShuffleMapTask.runTask(ShuffleMapTask.scala:111)
	at org.apache.spark.scheduler.ShuffleMapTask.runTask(ShuffleMapTask.scala:54)
	at org.apache.spark.TaskContext.runTaskWithListeners(TaskContext.scala:171)
	at org.apache.spark.scheduler.Task.run(Task.scala:147)
	at org.apache.spark.executor.Executor$TaskRunner.$anonfun$run$5(Executor.scala:647)
	at org.apache.spark.util.SparkErrorUtils.tryWithSafeFinally(SparkErrorUtils.scala:80)
	at org.apache.spark.util.SparkErrorUtils.tryWithSafeFinally$(SparkErrorUtils.scala:77)
	at org.apache.spark.util.Utils$.tryWithSafeFinally(Utils.scala:99)
	at org.apache.spark.executor.Executor$TaskRunner.run(Executor.scala:650)
	at java.base/java.util.concurrent.ThreadPoolExecutor.runWorker(ThreadPoolExecutor.java:1136)
	at java.base/java.util.concurrent.ThreadPoolExecutor$Worker.run(ThreadPoolExecutor.java:635)
	at java.base/java.lang.Thread.run(Thread.java:840)
26/01/22 16:59:15 ERROR Executor: Exception in task 0.0 in stage 44.0 (TID 1531)
java.io.FileNotFoundException: /storage/home/roqaya/NovaAD_Plus/src/tmp/spark-spill/blockmgr-df92e9ff-e7c7-4d78-b1a5-2849326a78a1/23/temp_shuffle_afa37ed6-e110-4c86-96c2-cb0d10f4dd38 (No such file or directory)
	at java.base/java.io.FileOutputStream.open0(Native Method)
	at java.base/java.io.FileOutputStream.open(FileOutputStream.java:293)
	at java.base/java.io.FileOutputStream.<init>(FileOutputStream.java:235)
	at org.apache.spark.storage.DiskBlockObjectWriter.initialize(DiskBlockObjectWriter.scala:148)
	at org.apache.spark.storage.DiskBlockObjectWriter.open(DiskBlockObjectWriter.scala:168)
	at org.apache.spark.storage.DiskBlockObjectWriter.write(DiskBlockObjectWriter.scala:333)
	at org.apache.spark.shuffle.sort.BypassMergeSortShuffleWriter.write(BypassMergeSortShuffleWriter.java:174)
	at org.apache.spark.shuffle.ShuffleWriteProcessor.write(ShuffleWriteProcessor.scala:57)
	at org.apache.spark.scheduler.ShuffleMapTask.runTask(ShuffleMapTask.scala:111)
	at org.apache.spark.scheduler.ShuffleMapTask.runTask(ShuffleMapTask.scala:54)
	at org.apache.spark.TaskContext.runTaskWithListeners(TaskContext.scala:171)
	at org.apache.spark.scheduler.Task.run(Task.scala:147)
	at org.apache.spark.executor.Executor$TaskRunner.$anonfun$run$5(Executor.scala:647)
	at org.apache.spark.util.SparkErrorUtils.tryWithSafeFinally(SparkErrorUtils.scala:80)
	at org.apache.spark.util.SparkErrorUtils.tryWithSafeFinally$(SparkErrorUtils.scala:77)
	at org.apache.spark.util.Utils$.tryWithSafeFinally(Utils.scala:99)
	at org.apache.spark.executor.Executor$TaskRunner.run(Executor.scala:650)
	at java.base/java.util.concurrent.ThreadPoolExecutor.runWorker(ThreadPoolExecutor.java:1136)
	at java.base/java.util.concurrent.ThreadPoolExecutor$Worker.run(ThreadPoolExecutor.java:635)
	at java.base/java.lang.Thread.run(Thread.java:840)
26/01/22 16:59:15 ERROR Executor: Exception in task 20.0 in stage 44.0 (TID 1551)
java.io.FileNotFoundException: /storage/home/roqaya/NovaAD_Plus/src/tmp/spark-spill/blockmgr-df92e9ff-e7c7-4d78-b1a5-2849326a78a1/05/temp_shuffle_0b0e63c7-fca0-442a-8cdc-7d7b693ae995 (No such file or directory)
	at java.base/java.io.FileOutputStream.open0(Native Method)
	at java.base/java.io.FileOutputStream.open(FileOutputStream.java:293)
	at java.base/java.io.FileOutputStream.<init>(FileOutputStream.java:235)
	at org.apache.spark.storage.DiskBlockObjectWriter.initialize(DiskBlockObjectWriter.scala:148)
	at org.apache.spark.storage.DiskBlockObjectWriter.open(DiskBlockObjectWriter.scala:168)
	at org.apache.spark.storage.DiskBlockObjectWriter.write(DiskBlockObjectWriter.scala:333)
	at org.apache.spark.shuffle.sort.BypassMergeSortShuffleWriter.write(BypassMergeSortShuffleWriter.java:174)
	at org.apache.spark.shuffle.ShuffleWriteProcessor.write(ShuffleWriteProcessor.scala:57)
	at org.apache.spark.scheduler.ShuffleMapTask.runTask(ShuffleMapTask.scala:111)
	at org.apache.spark.scheduler.ShuffleMapTask.runTask(ShuffleMapTask.scala:54)
	at org.apache.spark.TaskContext.runTaskWithListeners(TaskContext.scala:171)
	at org.apache.spark.scheduler.Task.run(Task.scala:147)
	at org.apache.spark.executor.Executor$TaskRunner.$anonfun$run$5(Executor.scala:647)
	at org.apache.spark.util.SparkErrorUtils.tryWithSafeFinally(SparkErrorUtils.scala:80)
	at org.apache.spark.util.SparkErrorUtils.tryWithSafeFinally$(SparkErrorUtils.scala:77)
	at org.apache.spark.util.Utils$.tryWithSafeFinally(Utils.scala:99)
	at org.apache.spark.executor.Executor$TaskRunner.run(Executor.scala:650)
	at java.base/java.util.concurrent.ThreadPoolExecutor.runWorker(ThreadPoolExecutor.java:1136)
	at java.base/java.util.concurrent.ThreadPoolExecutor$Worker.run(ThreadPoolExecutor.java:635)
	at java.base/java.lang.Thread.run(Thread.java:840)
26/01/22 16:59:15 ERROR Executor: Exception in task 43.0 in stage 44.0 (TID 1574)
java.io.FileNotFoundException: /storage/home/roqaya/NovaAD_Plus/src/tmp/spark-spill/blockmgr-df92e9ff-e7c7-4d78-b1a5-2849326a78a1/02/temp_shuffle_d9b257f2-b4b8-4a4d-9d8a-9056db82df8c (No such file or directory)
	at java.base/java.io.FileOutputStream.open0(Native Method)
	at java.base/java.io.FileOutputStream.open(FileOutputStream.java:293)
	at java.base/java.io.FileOutputStream.<init>(FileOutputStream.java:235)
	at org.apache.spark.storage.DiskBlockObjectWriter.initialize(DiskBlockObjectWriter.scala:148)
	at org.apache.spark.storage.DiskBlockObjectWriter.open(DiskBlockObjectWriter.scala:168)
	at org.apache.spark.storage.DiskBlockObjectWriter.write(DiskBlockObjectWriter.scala:333)
	at org.apache.spark.shuffle.sort.BypassMergeSortShuffleWriter.write(BypassMergeSortShuffleWriter.java:174)
	at org.apache.spark.shuffle.ShuffleWriteProcessor.write(ShuffleWriteProcessor.scala:57)
	at org.apache.spark.scheduler.ShuffleMapTask.runTask(ShuffleMapTask.scala:111)
	at org.apache.spark.scheduler.ShuffleMapTask.runTask(ShuffleMapTask.scala:54)
	at org.apache.spark.TaskContext.runTaskWithListeners(TaskContext.scala:171)
	at org.apache.spark.scheduler.Task.run(Task.scala:147)
	at org.apache.spark.executor.Executor$TaskRunner.$anonfun$run$5(Executor.scala:647)
	at org.apache.spark.util.SparkErrorUtils.tryWithSafeFinally(SparkErrorUtils.scala:80)
	at org.apache.spark.util.SparkErrorUtils.tryWithSafeFinally$(SparkErrorUtils.scala:77)
	at org.apache.spark.util.Utils$.tryWithSafeFinally(Utils.scala:99)
	at org.apache.spark.executor.Executor$TaskRunner.run(Executor.scala:650)
	at java.base/java.util.concurrent.ThreadPoolExecutor.runWorker(ThreadPoolExecutor.java:1136)
	at java.base/java.util.concurrent.ThreadPoolExecutor$Worker.run(ThreadPoolExecutor.java:635)
	at java.base/java.lang.Thread.run(Thread.java:840)
26/01/22 16:59:15 ERROR Executor: Exception in task 38.0 in stage 44.0 (TID 1569)
java.io.FileNotFoundException: /storage/home/roqaya/NovaAD_Plus/src/tmp/spark-spill/blockmgr-df92e9ff-e7c7-4d78-b1a5-2849326a78a1/21/temp_shuffle_4ec7f2c5-f2db-49bc-a848-a1dafae95a35 (No such file or directory)
	at java.base/java.io.FileOutputStream.open0(Native Method)
	at java.base/java.io.FileOutputStream.open(FileOutputStream.java:293)
	at java.base/java.io.FileOutputStream.<init>(FileOutputStream.java:235)
	at org.apache.spark.storage.DiskBlockObjectWriter.initialize(DiskBlockObjectWriter.scala:148)
	at org.apache.spark.storage.DiskBlockObjectWriter.open(DiskBlockObjectWriter.scala:168)
	at org.apache.spark.storage.DiskBlockObjectWriter.write(DiskBlockObjectWriter.scala:333)
	at org.apache.spark.shuffle.sort.BypassMergeSortShuffleWriter.write(BypassMergeSortShuffleWriter.java:174)
	at org.apache.spark.shuffle.ShuffleWriteProcessor.write(ShuffleWriteProcessor.scala:57)
	at org.apache.spark.scheduler.ShuffleMapTask.runTask(ShuffleMapTask.scala:111)
	at org.apache.spark.scheduler.ShuffleMapTask.runTask(ShuffleMapTask.scala:54)
	at org.apache.spark.TaskContext.runTaskWithListeners(TaskContext.scala:171)
	at org.apache.spark.scheduler.Task.run(Task.scala:147)
	at org.apache.spark.executor.Executor$TaskRunner.$anonfun$run$5(Executor.scala:647)
	at org.apache.spark.util.SparkErrorUtils.tryWithSafeFinally(SparkErrorUtils.scala:80)
	at org.apache.spark.util.SparkErrorUtils.tryWithSafeFinally$(SparkErrorUtils.scala:77)
	at org.apache.spark.util.Utils$.tryWithSafeFinally(Utils.scala:99)
	at org.apache.spark.executor.Executor$TaskRunner.run(Executor.scala:650)
	at java.base/java.util.concurrent.ThreadPoolExecutor.runWorker(ThreadPoolExecutor.java:1136)
	at java.base/java.util.concurrent.ThreadPoolExecutor$Worker.run(ThreadPoolExecutor.java:635)
	at java.base/java.lang.Thread.run(Thread.java:840)
26/01/22 16:59:15 ERROR Executor: Exception in task 37.0 in stage 44.0 (TID 1568)
java.io.FileNotFoundException: /storage/home/roqaya/NovaAD_Plus/src/tmp/spark-spill/blockmgr-df92e9ff-e7c7-4d78-b1a5-2849326a78a1/2d/temp_shuffle_aeb75106-a7f7-4ee9-bd7f-b954a4821a89 (No such file or directory)
	at java.base/java.io.FileOutputStream.open0(Native Method)
	at java.base/java.io.FileOutputStream.open(FileOutputStream.java:293)
	at java.base/java.io.FileOutputStream.<init>(FileOutputStream.java:235)
	at org.apache.spark.storage.DiskBlockObjectWriter.initialize(DiskBlockObjectWriter.scala:148)
	at org.apache.spark.storage.DiskBlockObjectWriter.open(DiskBlockObjectWriter.scala:168)
	at org.apache.spark.storage.DiskBlockObjectWriter.write(DiskBlockObjectWriter.scala:333)
	at org.apache.spark.shuffle.sort.BypassMergeSortShuffleWriter.write(BypassMergeSortShuffleWriter.java:174)
	at org.apache.spark.shuffle.ShuffleWriteProcessor.write(ShuffleWriteProcessor.scala:57)
	at org.apache.spark.scheduler.ShuffleMapTask.runTask(ShuffleMapTask.scala:111)
	at org.apache.spark.scheduler.ShuffleMapTask.runTask(ShuffleMapTask.scala:54)
	at org.apache.spark.TaskContext.runTaskWithListeners(TaskContext.scala:171)
	at org.apache.spark.scheduler.Task.run(Task.scala:147)
	at org.apache.spark.executor.Executor$TaskRunner.$anonfun$run$5(Executor.scala:647)
	at org.apache.spark.util.SparkErrorUtils.tryWithSafeFinally(SparkErrorUtils.scala:80)
	at org.apache.spark.util.SparkErrorUtils.tryWithSafeFinally$(SparkErrorUtils.scala:77)
	at org.apache.spark.util.Utils$.tryWithSafeFinally(Utils.scala:99)
	at org.apache.spark.executor.Executor$TaskRunner.run(Executor.scala:650)
	at java.base/java.util.concurrent.ThreadPoolExecutor.runWorker(ThreadPoolExecutor.java:1136)
	at java.base/java.util.concurrent.ThreadPoolExecutor$Worker.run(ThreadPoolExecutor.java:635)
	at java.base/java.lang.Thread.run(Thread.java:840)
26/01/22 16:59:15 ERROR Executor: Exception in task 56.0 in stage 44.0 (TID 1587)
java.io.FileNotFoundException: /storage/home/roqaya/NovaAD_Plus/src/tmp/spark-spill/blockmgr-df92e9ff-e7c7-4d78-b1a5-2849326a78a1/29/temp_shuffle_ec32c55c-21d1-407c-b598-d922f839e4d9 (No such file or directory)
	at java.base/java.io.FileOutputStream.open0(Native Method)
	at java.base/java.io.FileOutputStream.open(FileOutputStream.java:293)
	at java.base/java.io.FileOutputStream.<init>(FileOutputStream.java:235)
	at org.apache.spark.storage.DiskBlockObjectWriter.initialize(DiskBlockObjectWriter.scala:148)
	at org.apache.spark.storage.DiskBlockObjectWriter.open(DiskBlockObjectWriter.scala:168)
	at org.apache.spark.storage.DiskBlockObjectWriter.write(DiskBlockObjectWriter.scala:333)
	at org.apache.spark.shuffle.sort.BypassMergeSortShuffleWriter.write(BypassMergeSortShuffleWriter.java:174)
	at org.apache.spark.shuffle.ShuffleWriteProcessor.write(ShuffleWriteProcessor.scala:57)
	at org.apache.spark.scheduler.ShuffleMapTask.runTask(ShuffleMapTask.scala:111)
	at org.apache.spark.scheduler.ShuffleMapTask.runTask(ShuffleMapTask.scala:54)
	at org.apache.spark.TaskContext.runTaskWithListeners(TaskContext.scala:171)
	at org.apache.spark.scheduler.Task.run(Task.scala:147)
	at org.apache.spark.executor.Executor$TaskRunner.$anonfun$run$5(Executor.scala:647)
	at org.apache.spark.util.SparkErrorUtils.tryWithSafeFinally(SparkErrorUtils.scala:80)
	at org.apache.spark.util.SparkErrorUtils.tryWithSafeFinally$(SparkErrorUtils.scala:77)
	at org.apache.spark.util.Utils$.tryWithSafeFinally(Utils.scala:99)
	at org.apache.spark.executor.Executor$TaskRunner.run(Executor.scala:650)
	at java.base/java.util.concurrent.ThreadPoolExecutor.runWorker(ThreadPoolExecutor.java:1136)
	at java.base/java.util.concurrent.ThreadPoolExecutor$Worker.run(ThreadPoolExecutor.java:635)
	at java.base/java.lang.Thread.run(Thread.java:840)
26/01/22 16:59:15 ERROR Executor: Exception in task 28.0 in stage 44.0 (TID 1559)
java.io.FileNotFoundException: /storage/home/roqaya/NovaAD_Plus/src/tmp/spark-spill/blockmgr-df92e9ff-e7c7-4d78-b1a5-2849326a78a1/1e/temp_shuffle_5f447dd0-d500-4ef3-bd30-468cbf21ff16 (No such file or directory)
	at java.base/java.io.FileOutputStream.open0(Native Method)
	at java.base/java.io.FileOutputStream.open(FileOutputStream.java:293)
	at java.base/java.io.FileOutputStream.<init>(FileOutputStream.java:235)
	at org.apache.spark.storage.DiskBlockObjectWriter.initialize(DiskBlockObjectWriter.scala:148)
	at org.apache.spark.storage.DiskBlockObjectWriter.open(DiskBlockObjectWriter.scala:168)
	at org.apache.spark.storage.DiskBlockObjectWriter.write(DiskBlockObjectWriter.scala:333)
	at org.apache.spark.shuffle.sort.BypassMergeSortShuffleWriter.write(BypassMergeSortShuffleWriter.java:174)
	at org.apache.spark.shuffle.ShuffleWriteProcessor.write(ShuffleWriteProcessor.scala:57)
	at org.apache.spark.scheduler.ShuffleMapTask.runTask(ShuffleMapTask.scala:111)
	at org.apache.spark.scheduler.ShuffleMapTask.runTask(ShuffleMapTask.scala:54)
	at org.apache.spark.TaskContext.runTaskWithListeners(TaskContext.scala:171)
	at org.apache.spark.scheduler.Task.run(Task.scala:147)
	at org.apache.spark.executor.Executor$TaskRunner.$anonfun$run$5(Executor.scala:647)
	at org.apache.spark.util.SparkErrorUtils.tryWithSafeFinally(SparkErrorUtils.scala:80)
	at org.apache.spark.util.SparkErrorUtils.tryWithSafeFinally$(SparkErrorUtils.scala:77)
	at org.apache.spark.util.Utils$.tryWithSafeFinally(Utils.scala:99)
	at org.apache.spark.executor.Executor$TaskRunner.run(Executor.scala:650)
	at java.base/java.util.concurrent.ThreadPoolExecutor.runWorker(ThreadPoolExecutor.java:1136)
	at java.base/java.util.concurrent.ThreadPoolExecutor$Worker.run(ThreadPoolExecutor.java:635)
	at java.base/java.lang.Thread.run(Thread.java:840)
26/01/22 16:59:15 ERROR Executor: Exception in task 51.0 in stage 44.0 (TID 1582)
java.io.FileNotFoundException: /storage/home/roqaya/NovaAD_Plus/src/tmp/spark-spill/blockmgr-df92e9ff-e7c7-4d78-b1a5-2849326a78a1/0b/temp_shuffle_9a4a7af9-286b-491a-bf59-df5f3ec8cbe9 (No such file or directory)
	at java.base/java.io.FileOutputStream.open0(Native Method)
	at java.base/java.io.FileOutputStream.open(FileOutputStream.java:293)
	at java.base/java.io.FileOutputStream.<init>(FileOutputStream.java:235)
	at org.apache.spark.storage.DiskBlockObjectWriter.initialize(DiskBlockObjectWriter.scala:148)
	at org.apache.spark.storage.DiskBlockObjectWriter.open(DiskBlockObjectWriter.scala:168)
	at org.apache.spark.storage.DiskBlockObjectWriter.write(DiskBlockObjectWriter.scala:333)
	at org.apache.spark.shuffle.sort.BypassMergeSortShuffleWriter.write(BypassMergeSortShuffleWriter.java:174)
	at org.apache.spark.shuffle.ShuffleWriteProcessor.write(ShuffleWriteProcessor.scala:57)
	at org.apache.spark.scheduler.ShuffleMapTask.runTask(ShuffleMapTask.scala:111)
	at org.apache.spark.scheduler.ShuffleMapTask.runTask(ShuffleMapTask.scala:54)
	at org.apache.spark.TaskContext.runTaskWithListeners(TaskContext.scala:171)
	at org.apache.spark.scheduler.Task.run(Task.scala:147)
	at org.apache.spark.executor.Executor$TaskRunner.$anonfun$run$5(Executor.scala:647)
	at org.apache.spark.util.SparkErrorUtils.tryWithSafeFinally(SparkErrorUtils.scala:80)
	at org.apache.spark.util.SparkErrorUtils.tryWithSafeFinally$(SparkErrorUtils.scala:77)
	at org.apache.spark.util.Utils$.tryWithSafeFinally(Utils.scala:99)
	at org.apache.spark.executor.Executor$TaskRunner.run(Executor.scala:650)
	at java.base/java.util.concurrent.ThreadPoolExecutor.runWorker(ThreadPoolExecutor.java:1136)
	at java.base/java.util.concurrent.ThreadPoolExecutor$Worker.run(ThreadPoolExecutor.java:635)
	at java.base/java.lang.Thread.run(Thread.java:840)
26/01/22 16:59:15 ERROR Executor: Exception in task 48.0 in stage 44.0 (TID 1579)
java.io.FileNotFoundException: /storage/home/roqaya/NovaAD_Plus/src/tmp/spark-spill/blockmgr-df92e9ff-e7c7-4d78-b1a5-2849326a78a1/19/temp_shuffle_868e7360-8471-44cf-b176-08270b15c7f7 (No such file or directory)
	at java.base/java.io.FileOutputStream.open0(Native Method)
	at java.base/java.io.FileOutputStream.open(FileOutputStream.java:293)
	at java.base/java.io.FileOutputStream.<init>(FileOutputStream.java:235)
	at org.apache.spark.storage.DiskBlockObjectWriter.initialize(DiskBlockObjectWriter.scala:148)
	at org.apache.spark.storage.DiskBlockObjectWriter.open(DiskBlockObjectWriter.scala:168)
	at org.apache.spark.storage.DiskBlockObjectWriter.write(DiskBlockObjectWriter.scala:333)
	at org.apache.spark.shuffle.sort.BypassMergeSortShuffleWriter.write(BypassMergeSortShuffleWriter.java:174)
	at org.apache.spark.shuffle.ShuffleWriteProcessor.write(ShuffleWriteProcessor.scala:57)
	at org.apache.spark.scheduler.ShuffleMapTask.runTask(ShuffleMapTask.scala:111)
	at org.apache.spark.scheduler.ShuffleMapTask.runTask(ShuffleMapTask.scala:54)
	at org.apache.spark.TaskContext.runTaskWithListeners(TaskContext.scala:171)
	at org.apache.spark.scheduler.Task.run(Task.scala:147)
	at org.apache.spark.executor.Executor$TaskRunner.$anonfun$run$5(Executor.scala:647)
	at org.apache.spark.util.SparkErrorUtils.tryWithSafeFinally(SparkErrorUtils.scala:80)
	at org.apache.spark.util.SparkErrorUtils.tryWithSafeFinally$(SparkErrorUtils.scala:77)
	at org.apache.spark.util.Utils$.tryWithSafeFinally(Utils.scala:99)
	at org.apache.spark.executor.Executor$TaskRunner.run(Executor.scala:650)
	at java.base/java.util.concurrent.ThreadPoolExecutor.runWorker(ThreadPoolExecutor.java:1136)
	at java.base/java.util.concurrent.ThreadPoolExecutor$Worker.run(ThreadPoolExecutor.java:635)
	at java.base/java.lang.Thread.run(Thread.java:840)
26/01/22 16:59:15 ERROR Executor: Exception in task 30.0 in stage 44.0 (TID 1561)
java.io.FileNotFoundException: /storage/home/roqaya/NovaAD_Plus/src/tmp/spark-spill/blockmgr-df92e9ff-e7c7-4d78-b1a5-2849326a78a1/31/temp_shuffle_578382f0-14b8-446b-818a-b11e654a79eb (No such file or directory)
	at java.base/java.io.FileOutputStream.open0(Native Method)
	at java.base/java.io.FileOutputStream.open(FileOutputStream.java:293)
	at java.base/java.io.FileOutputStream.<init>(FileOutputStream.java:235)
	at org.apache.spark.storage.DiskBlockObjectWriter.initialize(DiskBlockObjectWriter.scala:148)
	at org.apache.spark.storage.DiskBlockObjectWriter.open(DiskBlockObjectWriter.scala:168)
	at org.apache.spark.storage.DiskBlockObjectWriter.write(DiskBlockObjectWriter.scala:333)
	at org.apache.spark.shuffle.sort.BypassMergeSortShuffleWriter.write(BypassMergeSortShuffleWriter.java:174)
	at org.apache.spark.shuffle.ShuffleWriteProcessor.write(ShuffleWriteProcessor.scala:57)
	at org.apache.spark.scheduler.ShuffleMapTask.runTask(ShuffleMapTask.scala:111)
	at org.apache.spark.scheduler.ShuffleMapTask.runTask(ShuffleMapTask.scala:54)
	at org.apache.spark.TaskContext.runTaskWithListeners(TaskContext.scala:171)
	at org.apache.spark.scheduler.Task.run(Task.scala:147)
	at org.apache.spark.executor.Executor$TaskRunner.$anonfun$run$5(Executor.scala:647)
	at org.apache.spark.util.SparkErrorUtils.tryWithSafeFinally(SparkErrorUtils.scala:80)
	at org.apache.spark.util.SparkErrorUtils.tryWithSafeFinally$(SparkErrorUtils.scala:77)
	at org.apache.spark.util.Utils$.tryWithSafeFinally(Utils.scala:99)
	at org.apache.spark.executor.Executor$TaskRunner.run(Executor.scala:650)
	at java.base/java.util.concurrent.ThreadPoolExecutor.runWorker(ThreadPoolExecutor.java:1136)
	at java.base/java.util.concurrent.ThreadPoolExecutor$Worker.run(ThreadPoolExecutor.java:635)
	at java.base/java.lang.Thread.run(Thread.java:840)
26/01/22 16:59:15 ERROR Executor: Exception in task 58.0 in stage 44.0 (TID 1589)
java.io.FileNotFoundException: /storage/home/roqaya/NovaAD_Plus/src/tmp/spark-spill/blockmgr-df92e9ff-e7c7-4d78-b1a5-2849326a78a1/07/temp_shuffle_6a03f04b-02de-48c7-ab84-1d392e6ce974 (No such file or directory)
	at java.base/java.io.FileOutputStream.open0(Native Method)
	at java.base/java.io.FileOutputStream.open(FileOutputStream.java:293)
	at java.base/java.io.FileOutputStream.<init>(FileOutputStream.java:235)
	at org.apache.spark.storage.DiskBlockObjectWriter.initialize(DiskBlockObjectWriter.scala:148)
	at org.apache.spark.storage.DiskBlockObjectWriter.open(DiskBlockObjectWriter.scala:168)
	at org.apache.spark.storage.DiskBlockObjectWriter.write(DiskBlockObjectWriter.scala:333)
	at org.apache.spark.shuffle.sort.BypassMergeSortShuffleWriter.write(BypassMergeSortShuffleWriter.java:174)
	at org.apache.spark.shuffle.ShuffleWriteProcessor.write(ShuffleWriteProcessor.scala:57)
	at org.apache.spark.scheduler.ShuffleMapTask.runTask(ShuffleMapTask.scala:111)
	at org.apache.spark.scheduler.ShuffleMapTask.runTask(ShuffleMapTask.scala:54)
	at org.apache.spark.TaskContext.runTaskWithListeners(TaskContext.scala:171)
	at org.apache.spark.scheduler.Task.run(Task.scala:147)
	at org.apache.spark.executor.Executor$TaskRunner.$anonfun$run$5(Executor.scala:647)
	at org.apache.spark.util.SparkErrorUtils.tryWithSafeFinally(SparkErrorUtils.scala:80)
	at org.apache.spark.util.SparkErrorUtils.tryWithSafeFinally$(SparkErrorUtils.scala:77)
	at org.apache.spark.util.Utils$.tryWithSafeFinally(Utils.scala:99)
	at org.apache.spark.executor.Executor$TaskRunner.run(Executor.scala:650)
	at java.base/java.util.concurrent.ThreadPoolExecutor.runWorker(ThreadPoolExecutor.java:1136)
	at java.base/java.util.concurrent.ThreadPoolExecutor$Worker.run(ThreadPoolExecutor.java:635)
	at java.base/java.lang.Thread.run(Thread.java:840)
26/01/22 16:59:15 ERROR Executor: Exception in task 26.0 in stage 44.0 (TID 1557)
java.io.FileNotFoundException: /storage/home/roqaya/NovaAD_Plus/src/tmp/spark-spill/blockmgr-df92e9ff-e7c7-4d78-b1a5-2849326a78a1/37/temp_shuffle_b2eda56d-d67d-47fe-ad04-2d99a958846f (No such file or directory)
	at java.base/java.io.FileOutputStream.open0(Native Method)
	at java.base/java.io.FileOutputStream.open(FileOutputStream.java:293)
	at java.base/java.io.FileOutputStream.<init>(FileOutputStream.java:235)
	at org.apache.spark.storage.DiskBlockObjectWriter.initialize(DiskBlockObjectWriter.scala:148)
	at org.apache.spark.storage.DiskBlockObjectWriter.open(DiskBlockObjectWriter.scala:168)
	at org.apache.spark.storage.DiskBlockObjectWriter.write(DiskBlockObjectWriter.scala:333)
	at org.apache.spark.shuffle.sort.BypassMergeSortShuffleWriter.write(BypassMergeSortShuffleWriter.java:174)
	at org.apache.spark.shuffle.ShuffleWriteProcessor.write(ShuffleWriteProcessor.scala:57)
	at org.apache.spark.scheduler.ShuffleMapTask.runTask(ShuffleMapTask.scala:111)
	at org.apache.spark.scheduler.ShuffleMapTask.runTask(ShuffleMapTask.scala:54)
	at org.apache.spark.TaskContext.runTaskWithListeners(TaskContext.scala:171)
	at org.apache.spark.scheduler.Task.run(Task.scala:147)
	at org.apache.spark.executor.Executor$TaskRunner.$anonfun$run$5(Executor.scala:647)
	at org.apache.spark.util.SparkErrorUtils.tryWithSafeFinally(SparkErrorUtils.scala:80)
	at org.apache.spark.util.SparkErrorUtils.tryWithSafeFinally$(SparkErrorUtils.scala:77)
	at org.apache.spark.util.Utils$.tryWithSafeFinally(Utils.scala:99)
	at org.apache.spark.executor.Executor$TaskRunner.run(Executor.scala:650)
	at java.base/java.util.concurrent.ThreadPoolExecutor.runWorker(ThreadPoolExecutor.java:1136)
	at java.base/java.util.concurrent.ThreadPoolExecutor$Worker.run(ThreadPoolExecutor.java:635)
	at java.base/java.lang.Thread.run(Thread.java:840)
26/01/22 16:59:15 ERROR Executor: Exception in task 15.0 in stage 44.0 (TID 1546)
java.io.FileNotFoundException: /storage/home/roqaya/NovaAD_Plus/src/tmp/spark-spill/blockmgr-df92e9ff-e7c7-4d78-b1a5-2849326a78a1/01/temp_shuffle_94c50836-c469-4eca-a997-1ac059c88676 (No such file or directory)
	at java.base/java.io.FileOutputStream.open0(Native Method)
	at java.base/java.io.FileOutputStream.open(FileOutputStream.java:293)
	at java.base/java.io.FileOutputStream.<init>(FileOutputStream.java:235)
	at org.apache.spark.storage.DiskBlockObjectWriter.initialize(DiskBlockObjectWriter.scala:148)
	at org.apache.spark.storage.DiskBlockObjectWriter.open(DiskBlockObjectWriter.scala:168)
	at org.apache.spark.storage.DiskBlockObjectWriter.write(DiskBlockObjectWriter.scala:333)
	at org.apache.spark.shuffle.sort.BypassMergeSortShuffleWriter.write(BypassMergeSortShuffleWriter.java:174)
	at org.apache.spark.shuffle.ShuffleWriteProcessor.write(ShuffleWriteProcessor.scala:57)
	at org.apache.spark.scheduler.ShuffleMapTask.runTask(ShuffleMapTask.scala:111)
	at org.apache.spark.scheduler.ShuffleMapTask.runTask(ShuffleMapTask.scala:54)
	at org.apache.spark.TaskContext.runTaskWithListeners(TaskContext.scala:171)
	at org.apache.spark.scheduler.Task.run(Task.scala:147)
	at org.apache.spark.executor.Executor$TaskRunner.$anonfun$run$5(Executor.scala:647)
	at org.apache.spark.util.SparkErrorUtils.tryWithSafeFinally(SparkErrorUtils.scala:80)
	at org.apache.spark.util.SparkErrorUtils.tryWithSafeFinally$(SparkErrorUtils.scala:77)
	at org.apache.spark.util.Utils$.tryWithSafeFinally(Utils.scala:99)
	at org.apache.spark.executor.Executor$TaskRunner.run(Executor.scala:650)
	at java.base/java.util.concurrent.ThreadPoolExecutor.runWorker(ThreadPoolExecutor.java:1136)
	at java.base/java.util.concurrent.ThreadPoolExecutor$Worker.run(ThreadPoolExecutor.java:635)
	at java.base/java.lang.Thread.run(Thread.java:840)
26/01/22 16:59:15 ERROR Executor: Exception in task 6.0 in stage 44.0 (TID 1537)
java.io.FileNotFoundException: /storage/home/roqaya/NovaAD_Plus/src/tmp/spark-spill/blockmgr-df92e9ff-e7c7-4d78-b1a5-2849326a78a1/33/temp_shuffle_d85920dd-3a2f-4689-b15b-5bb38098beb1 (No such file or directory)
	at java.base/java.io.FileOutputStream.open0(Native Method)
	at java.base/java.io.FileOutputStream.open(FileOutputStream.java:293)
	at java.base/java.io.FileOutputStream.<init>(FileOutputStream.java:235)
	at org.apache.spark.storage.DiskBlockObjectWriter.initialize(DiskBlockObjectWriter.scala:148)
	at org.apache.spark.storage.DiskBlockObjectWriter.open(DiskBlockObjectWriter.scala:168)
	at org.apache.spark.storage.DiskBlockObjectWriter.write(DiskBlockObjectWriter.scala:333)
	at org.apache.spark.shuffle.sort.BypassMergeSortShuffleWriter.write(BypassMergeSortShuffleWriter.java:174)
	at org.apache.spark.shuffle.ShuffleWriteProcessor.write(ShuffleWriteProcessor.scala:57)
	at org.apache.spark.scheduler.ShuffleMapTask.runTask(ShuffleMapTask.scala:111)
	at org.apache.spark.scheduler.ShuffleMapTask.runTask(ShuffleMapTask.scala:54)
	at org.apache.spark.TaskContext.runTaskWithListeners(TaskContext.scala:171)
	at org.apache.spark.scheduler.Task.run(Task.scala:147)
	at org.apache.spark.executor.Executor$TaskRunner.$anonfun$run$5(Executor.scala:647)
	at org.apache.spark.util.SparkErrorUtils.tryWithSafeFinally(SparkErrorUtils.scala:80)
	at org.apache.spark.util.SparkErrorUtils.tryWithSafeFinally$(SparkErrorUtils.scala:77)
	at org.apache.spark.util.Utils$.tryWithSafeFinally(Utils.scala:99)
	at org.apache.spark.executor.Executor$TaskRunner.run(Executor.scala:650)
	at java.base/java.util.concurrent.ThreadPoolExecutor.runWorker(ThreadPoolExecutor.java:1136)
	at java.base/java.util.concurrent.ThreadPoolExecutor$Worker.run(ThreadPoolExecutor.java:635)
	at java.base/java.lang.Thread.run(Thread.java:840)
26/01/22 16:59:15 ERROR Executor: Exception in task 24.0 in stage 44.0 (TID 1555)
java.io.FileNotFoundException: /storage/home/roqaya/NovaAD_Plus/src/tmp/spark-spill/blockmgr-df92e9ff-e7c7-4d78-b1a5-2849326a78a1/15/temp_shuffle_5296fb77-480d-4ca2-80b4-b020e0ed6dd0 (No such file or directory)
	at java.base/java.io.FileOutputStream.open0(Native Method)
	at java.base/java.io.FileOutputStream.open(FileOutputStream.java:293)
	at java.base/java.io.FileOutputStream.<init>(FileOutputStream.java:235)
	at org.apache.spark.storage.DiskBlockObjectWriter.initialize(DiskBlockObjectWriter.scala:148)
	at org.apache.spark.storage.DiskBlockObjectWriter.open(DiskBlockObjectWriter.scala:168)
	at org.apache.spark.storage.DiskBlockObjectWriter.write(DiskBlockObjectWriter.scala:333)
	at org.apache.spark.shuffle.sort.BypassMergeSortShuffleWriter.write(BypassMergeSortShuffleWriter.java:174)
	at org.apache.spark.shuffle.ShuffleWriteProcessor.write(ShuffleWriteProcessor.scala:57)
	at org.apache.spark.scheduler.ShuffleMapTask.runTask(ShuffleMapTask.scala:111)
	at org.apache.spark.scheduler.ShuffleMapTask.runTask(ShuffleMapTask.scala:54)
	at org.apache.spark.TaskContext.runTaskWithListeners(TaskContext.scala:171)
	at org.apache.spark.scheduler.Task.run(Task.scala:147)
	at org.apache.spark.executor.Executor$TaskRunner.$anonfun$run$5(Executor.scala:647)
	at org.apache.spark.util.SparkErrorUtils.tryWithSafeFinally(SparkErrorUtils.scala:80)
	at org.apache.spark.util.SparkErrorUtils.tryWithSafeFinally$(SparkErrorUtils.scala:77)
	at org.apache.spark.util.Utils$.tryWithSafeFinally(Utils.scala:99)
	at org.apache.spark.executor.Executor$TaskRunner.run(Executor.scala:650)
	at java.base/java.util.concurrent.ThreadPoolExecutor.runWorker(ThreadPoolExecutor.java:1136)
	at java.base/java.util.concurrent.ThreadPoolExecutor$Worker.run(ThreadPoolExecutor.java:635)
	at java.base/java.lang.Thread.run(Thread.java:840)
26/01/22 16:59:15 ERROR Executor: Exception in task 44.0 in stage 44.0 (TID 1575)
java.io.FileNotFoundException: /storage/home/roqaya/NovaAD_Plus/src/tmp/spark-spill/blockmgr-df92e9ff-e7c7-4d78-b1a5-2849326a78a1/30/temp_shuffle_9908a81a-a606-4664-bcbb-0698a338255b (No such file or directory)
	at java.base/java.io.FileOutputStream.open0(Native Method)
	at java.base/java.io.FileOutputStream.open(FileOutputStream.java:293)
	at java.base/java.io.FileOutputStream.<init>(FileOutputStream.java:235)
	at org.apache.spark.storage.DiskBlockObjectWriter.initialize(DiskBlockObjectWriter.scala:148)
	at org.apache.spark.storage.DiskBlockObjectWriter.open(DiskBlockObjectWriter.scala:168)
	at org.apache.spark.storage.DiskBlockObjectWriter.write(DiskBlockObjectWriter.scala:333)
	at org.apache.spark.shuffle.sort.BypassMergeSortShuffleWriter.write(BypassMergeSortShuffleWriter.java:174)
	at org.apache.spark.shuffle.ShuffleWriteProcessor.write(ShuffleWriteProcessor.scala:57)
	at org.apache.spark.scheduler.ShuffleMapTask.runTask(ShuffleMapTask.scala:111)
	at org.apache.spark.scheduler.ShuffleMapTask.runTask(ShuffleMapTask.scala:54)
	at org.apache.spark.TaskContext.runTaskWithListeners(TaskContext.scala:171)
	at org.apache.spark.scheduler.Task.run(Task.scala:147)
	at org.apache.spark.executor.Executor$TaskRunner.$anonfun$run$5(Executor.scala:647)
	at org.apache.spark.util.SparkErrorUtils.tryWithSafeFinally(SparkErrorUtils.scala:80)
	at org.apache.spark.util.SparkErrorUtils.tryWithSafeFinally$(SparkErrorUtils.scala:77)
	at org.apache.spark.util.Utils$.tryWithSafeFinally(Utils.scala:99)
	at org.apache.spark.executor.Executor$TaskRunner.run(Executor.scala:650)
	at java.base/java.util.concurrent.ThreadPoolExecutor.runWorker(ThreadPoolExecutor.java:1136)
	at java.base/java.util.concurrent.ThreadPoolExecutor$Worker.run(ThreadPoolExecutor.java:635)
	at java.base/java.lang.Thread.run(Thread.java:840)
26/01/22 16:59:15 ERROR Executor: Exception in task 50.0 in stage 44.0 (TID 1581)
java.io.FileNotFoundException: /storage/home/roqaya/NovaAD_Plus/src/tmp/spark-spill/blockmgr-df92e9ff-e7c7-4d78-b1a5-2849326a78a1/09/temp_shuffle_b042d63e-caa0-4a35-9921-053756d2336c (No such file or directory)
	at java.base/java.io.FileOutputStream.open0(Native Method)
	at java.base/java.io.FileOutputStream.open(FileOutputStream.java:293)
	at java.base/java.io.FileOutputStream.<init>(FileOutputStream.java:235)
	at org.apache.spark.storage.DiskBlockObjectWriter.initialize(DiskBlockObjectWriter.scala:148)
	at org.apache.spark.storage.DiskBlockObjectWriter.open(DiskBlockObjectWriter.scala:168)
	at org.apache.spark.storage.DiskBlockObjectWriter.write(DiskBlockObjectWriter.scala:333)
	at org.apache.spark.shuffle.sort.BypassMergeSortShuffleWriter.write(BypassMergeSortShuffleWriter.java:174)
	at org.apache.spark.shuffle.ShuffleWriteProcessor.write(ShuffleWriteProcessor.scala:57)
	at org.apache.spark.scheduler.ShuffleMapTask.runTask(ShuffleMapTask.scala:111)
	at org.apache.spark.scheduler.ShuffleMapTask.runTask(ShuffleMapTask.scala:54)
	at org.apache.spark.TaskContext.runTaskWithListeners(TaskContext.scala:171)
	at org.apache.spark.scheduler.Task.run(Task.scala:147)
	at org.apache.spark.executor.Executor$TaskRunner.$anonfun$run$5(Executor.scala:647)
	at org.apache.spark.util.SparkErrorUtils.tryWithSafeFinally(SparkErrorUtils.scala:80)
	at org.apache.spark.util.SparkErrorUtils.tryWithSafeFinally$(SparkErrorUtils.scala:77)
	at org.apache.spark.util.Utils$.tryWithSafeFinally(Utils.scala:99)
	at org.apache.spark.executor.Executor$TaskRunner.run(Executor.scala:650)
	at java.base/java.util.concurrent.ThreadPoolExecutor.runWorker(ThreadPoolExecutor.java:1136)
	at java.base/java.util.concurrent.ThreadPoolExecutor$Worker.run(ThreadPoolExecutor.java:635)
	at java.base/java.lang.Thread.run(Thread.java:840)
26/01/22 16:59:15 ERROR Executor: Exception in task 45.0 in stage 44.0 (TID 1576)
java.io.FileNotFoundException: /storage/home/roqaya/NovaAD_Plus/src/tmp/spark-spill/blockmgr-df92e9ff-e7c7-4d78-b1a5-2849326a78a1/10/temp_shuffle_5ce02284-332f-4d93-ac23-12745e8f7563 (No such file or directory)
	at java.base/java.io.FileOutputStream.open0(Native Method)
	at java.base/java.io.FileOutputStream.open(FileOutputStream.java:293)
	at java.base/java.io.FileOutputStream.<init>(FileOutputStream.java:235)
	at org.apache.spark.storage.DiskBlockObjectWriter.initialize(DiskBlockObjectWriter.scala:148)
	at org.apache.spark.storage.DiskBlockObjectWriter.open(DiskBlockObjectWriter.scala:168)
	at org.apache.spark.storage.DiskBlockObjectWriter.write(DiskBlockObjectWriter.scala:333)
	at org.apache.spark.shuffle.sort.BypassMergeSortShuffleWriter.write(BypassMergeSortShuffleWriter.java:174)
	at org.apache.spark.shuffle.ShuffleWriteProcessor.write(ShuffleWriteProcessor.scala:57)
	at org.apache.spark.scheduler.ShuffleMapTask.runTask(ShuffleMapTask.scala:111)
	at org.apache.spark.scheduler.ShuffleMapTask.runTask(ShuffleMapTask.scala:54)
	at org.apache.spark.TaskContext.runTaskWithListeners(TaskContext.scala:171)
	at org.apache.spark.scheduler.Task.run(Task.scala:147)
	at org.apache.spark.executor.Executor$TaskRunner.$anonfun$run$5(Executor.scala:647)
	at org.apache.spark.util.SparkErrorUtils.tryWithSafeFinally(SparkErrorUtils.scala:80)
	at org.apache.spark.util.SparkErrorUtils.tryWithSafeFinally$(SparkErrorUtils.scala:77)
	at org.apache.spark.util.Utils$.tryWithSafeFinally(Utils.scala:99)
	at org.apache.spark.executor.Executor$TaskRunner.run(Executor.scala:650)
	at java.base/java.util.concurrent.ThreadPoolExecutor.runWorker(ThreadPoolExecutor.java:1136)
	at java.base/java.util.concurrent.ThreadPoolExecutor$Worker.run(ThreadPoolExecutor.java:635)
	at java.base/java.lang.Thread.run(Thread.java:840)
26/01/22 16:59:15 ERROR Executor: Exception in task 35.0 in stage 44.0 (TID 1566)
java.io.FileNotFoundException: /storage/home/roqaya/NovaAD_Plus/src/tmp/spark-spill/blockmgr-df92e9ff-e7c7-4d78-b1a5-2849326a78a1/1d/temp_shuffle_f919e48d-7fa1-41e9-be93-67115e8863c6 (No such file or directory)
	at java.base/java.io.FileOutputStream.open0(Native Method)
	at java.base/java.io.FileOutputStream.open(FileOutputStream.java:293)
	at java.base/java.io.FileOutputStream.<init>(FileOutputStream.java:235)
	at org.apache.spark.storage.DiskBlockObjectWriter.initialize(DiskBlockObjectWriter.scala:148)
	at org.apache.spark.storage.DiskBlockObjectWriter.open(DiskBlockObjectWriter.scala:168)
	at org.apache.spark.storage.DiskBlockObjectWriter.write(DiskBlockObjectWriter.scala:333)
	at org.apache.spark.shuffle.sort.BypassMergeSortShuffleWriter.write(BypassMergeSortShuffleWriter.java:174)
	at org.apache.spark.shuffle.ShuffleWriteProcessor.write(ShuffleWriteProcessor.scala:57)
	at org.apache.spark.scheduler.ShuffleMapTask.runTask(ShuffleMapTask.scala:111)
	at org.apache.spark.scheduler.ShuffleMapTask.runTask(ShuffleMapTask.scala:54)
	at org.apache.spark.TaskContext.runTaskWithListeners(TaskContext.scala:171)
	at org.apache.spark.scheduler.Task.run(Task.scala:147)
	at org.apache.spark.executor.Executor$TaskRunner.$anonfun$run$5(Executor.scala:647)
	at org.apache.spark.util.SparkErrorUtils.tryWithSafeFinally(SparkErrorUtils.scala:80)
	at org.apache.spark.util.SparkErrorUtils.tryWithSafeFinally$(SparkErrorUtils.scala:77)
	at org.apache.spark.util.Utils$.tryWithSafeFinally(Utils.scala:99)
	at org.apache.spark.executor.Executor$TaskRunner.run(Executor.scala:650)
	at java.base/java.util.concurrent.ThreadPoolExecutor.runWorker(ThreadPoolExecutor.java:1136)
	at java.base/java.util.concurrent.ThreadPoolExecutor$Worker.run(ThreadPoolExecutor.java:635)
	at java.base/java.lang.Thread.run(Thread.java:840)
26/01/22 16:59:15 ERROR Executor: Exception in task 31.0 in stage 44.0 (TID 1562)
java.io.FileNotFoundException: /storage/home/roqaya/NovaAD_Plus/src/tmp/spark-spill/blockmgr-df92e9ff-e7c7-4d78-b1a5-2849326a78a1/2b/temp_shuffle_914edee2-10d1-4433-9fd6-42301d872c60 (No such file or directory)
	at java.base/java.io.FileOutputStream.open0(Native Method)
	at java.base/java.io.FileOutputStream.open(FileOutputStream.java:293)
	at java.base/java.io.FileOutputStream.<init>(FileOutputStream.java:235)
	at org.apache.spark.storage.DiskBlockObjectWriter.initialize(DiskBlockObjectWriter.scala:148)
	at org.apache.spark.storage.DiskBlockObjectWriter.open(DiskBlockObjectWriter.scala:168)
	at org.apache.spark.storage.DiskBlockObjectWriter.write(DiskBlockObjectWriter.scala:333)
	at org.apache.spark.shuffle.sort.BypassMergeSortShuffleWriter.write(BypassMergeSortShuffleWriter.java:174)
	at org.apache.spark.shuffle.ShuffleWriteProcessor.write(ShuffleWriteProcessor.scala:57)
	at org.apache.spark.scheduler.ShuffleMapTask.runTask(ShuffleMapTask.scala:111)
	at org.apache.spark.scheduler.ShuffleMapTask.runTask(ShuffleMapTask.scala:54)
	at org.apache.spark.TaskContext.runTaskWithListeners(TaskContext.scala:171)
	at org.apache.spark.scheduler.Task.run(Task.scala:147)
	at org.apache.spark.executor.Executor$TaskRunner.$anonfun$run$5(Executor.scala:647)
	at org.apache.spark.util.SparkErrorUtils.tryWithSafeFinally(SparkErrorUtils.scala:80)
	at org.apache.spark.util.SparkErrorUtils.tryWithSafeFinally$(SparkErrorUtils.scala:77)
	at org.apache.spark.util.Utils$.tryWithSafeFinally(Utils.scala:99)
	at org.apache.spark.executor.Executor$TaskRunner.run(Executor.scala:650)
	at java.base/java.util.concurrent.ThreadPoolExecutor.runWorker(ThreadPoolExecutor.java:1136)
	at java.base/java.util.concurrent.ThreadPoolExecutor$Worker.run(ThreadPoolExecutor.java:635)
	at java.base/java.lang.Thread.run(Thread.java:840)
26/01/22 16:59:15 ERROR Executor: Exception in task 42.0 in stage 44.0 (TID 1573)
java.io.FileNotFoundException: /storage/home/roqaya/NovaAD_Plus/src/tmp/spark-spill/blockmgr-df92e9ff-e7c7-4d78-b1a5-2849326a78a1/02/temp_shuffle_fd366cb7-734c-4c05-9fe6-3bb32cc9151e (No such file or directory)
	at java.base/java.io.FileOutputStream.open0(Native Method)
	at java.base/java.io.FileOutputStream.open(FileOutputStream.java:293)
	at java.base/java.io.FileOutputStream.<init>(FileOutputStream.java:235)
	at org.apache.spark.storage.DiskBlockObjectWriter.initialize(DiskBlockObjectWriter.scala:148)
	at org.apache.spark.storage.DiskBlockObjectWriter.open(DiskBlockObjectWriter.scala:168)
	at org.apache.spark.storage.DiskBlockObjectWriter.write(DiskBlockObjectWriter.scala:333)
	at org.apache.spark.shuffle.sort.BypassMergeSortShuffleWriter.write(BypassMergeSortShuffleWriter.java:174)
	at org.apache.spark.shuffle.ShuffleWriteProcessor.write(ShuffleWriteProcessor.scala:57)
	at org.apache.spark.scheduler.ShuffleMapTask.runTask(ShuffleMapTask.scala:111)
	at org.apache.spark.scheduler.ShuffleMapTask.runTask(ShuffleMapTask.scala:54)
	at org.apache.spark.TaskContext.runTaskWithListeners(TaskContext.scala:171)
	at org.apache.spark.scheduler.Task.run(Task.scala:147)
	at org.apache.spark.executor.Executor$TaskRunner.$anonfun$run$5(Executor.scala:647)
	at org.apache.spark.util.SparkErrorUtils.tryWithSafeFinally(SparkErrorUtils.scala:80)
	at org.apache.spark.util.SparkErrorUtils.tryWithSafeFinally$(SparkErrorUtils.scala:77)
	at org.apache.spark.util.Utils$.tryWithSafeFinally(Utils.scala:99)
	at org.apache.spark.executor.Executor$TaskRunner.run(Executor.scala:650)
	at java.base/java.util.concurrent.ThreadPoolExecutor.runWorker(ThreadPoolExecutor.java:1136)
	at java.base/java.util.concurrent.ThreadPoolExecutor$Worker.run(ThreadPoolExecutor.java:635)
	at java.base/java.lang.Thread.run(Thread.java:840)
26/01/22 16:59:15 ERROR Executor: Exception in task 41.0 in stage 44.0 (TID 1572)
java.io.FileNotFoundException: /storage/home/roqaya/NovaAD_Plus/src/tmp/spark-spill/blockmgr-df92e9ff-e7c7-4d78-b1a5-2849326a78a1/3e/temp_shuffle_1f53d862-5ae3-4bbb-b9a1-4b1f402b1cee (No such file or directory)
	at java.base/java.io.FileOutputStream.open0(Native Method)
	at java.base/java.io.FileOutputStream.open(FileOutputStream.java:293)
	at java.base/java.io.FileOutputStream.<init>(FileOutputStream.java:235)
	at org.apache.spark.storage.DiskBlockObjectWriter.initialize(DiskBlockObjectWriter.scala:148)
	at org.apache.spark.storage.DiskBlockObjectWriter.open(DiskBlockObjectWriter.scala:168)
	at org.apache.spark.storage.DiskBlockObjectWriter.write(DiskBlockObjectWriter.scala:333)
	at org.apache.spark.shuffle.sort.BypassMergeSortShuffleWriter.write(BypassMergeSortShuffleWriter.java:174)
	at org.apache.spark.shuffle.ShuffleWriteProcessor.write(ShuffleWriteProcessor.scala:57)
	at org.apache.spark.scheduler.ShuffleMapTask.runTask(ShuffleMapTask.scala:111)
	at org.apache.spark.scheduler.ShuffleMapTask.runTask(ShuffleMapTask.scala:54)
	at org.apache.spark.TaskContext.runTaskWithListeners(TaskContext.scala:171)
	at org.apache.spark.scheduler.Task.run(Task.scala:147)
	at org.apache.spark.executor.Executor$TaskRunner.$anonfun$run$5(Executor.scala:647)
	at org.apache.spark.util.SparkErrorUtils.tryWithSafeFinally(SparkErrorUtils.scala:80)
	at org.apache.spark.util.SparkErrorUtils.tryWithSafeFinally$(SparkErrorUtils.scala:77)
	at org.apache.spark.util.Utils$.tryWithSafeFinally(Utils.scala:99)
	at org.apache.spark.executor.Executor$TaskRunner.run(Executor.scala:650)
	at java.base/java.util.concurrent.ThreadPoolExecutor.runWorker(ThreadPoolExecutor.java:1136)
	at java.base/java.util.concurrent.ThreadPoolExecutor$Worker.run(ThreadPoolExecutor.java:635)
	at java.base/java.lang.Thread.run(Thread.java:840)
26/01/22 16:59:15 ERROR Executor: Exception in task 32.0 in stage 44.0 (TID 1563)
java.io.FileNotFoundException: /storage/home/roqaya/NovaAD_Plus/src/tmp/spark-spill/blockmgr-df92e9ff-e7c7-4d78-b1a5-2849326a78a1/1d/temp_shuffle_62d48d9b-37de-4ed6-8aad-0b013028ac34 (No such file or directory)
	at java.base/java.io.FileOutputStream.open0(Native Method)
	at java.base/java.io.FileOutputStream.open(FileOutputStream.java:293)
	at java.base/java.io.FileOutputStream.<init>(FileOutputStream.java:235)
	at org.apache.spark.storage.DiskBlockObjectWriter.initialize(DiskBlockObjectWriter.scala:148)
	at org.apache.spark.storage.DiskBlockObjectWriter.open(DiskBlockObjectWriter.scala:168)
	at org.apache.spark.storage.DiskBlockObjectWriter.write(DiskBlockObjectWriter.scala:333)
	at org.apache.spark.shuffle.sort.BypassMergeSortShuffleWriter.write(BypassMergeSortShuffleWriter.java:174)
	at org.apache.spark.shuffle.ShuffleWriteProcessor.write(ShuffleWriteProcessor.scala:57)
	at org.apache.spark.scheduler.ShuffleMapTask.runTask(ShuffleMapTask.scala:111)
	at org.apache.spark.scheduler.ShuffleMapTask.runTask(ShuffleMapTask.scala:54)
	at org.apache.spark.TaskContext.runTaskWithListeners(TaskContext.scala:171)
	at org.apache.spark.scheduler.Task.run(Task.scala:147)
	at org.apache.spark.executor.Executor$TaskRunner.$anonfun$run$5(Executor.scala:647)
	at org.apache.spark.util.SparkErrorUtils.tryWithSafeFinally(SparkErrorUtils.scala:80)
	at org.apache.spark.util.SparkErrorUtils.tryWithSafeFinally$(SparkErrorUtils.scala:77)
	at org.apache.spark.util.Utils$.tryWithSafeFinally(Utils.scala:99)
	at org.apache.spark.executor.Executor$TaskRunner.run(Executor.scala:650)
	at java.base/java.util.concurrent.ThreadPoolExecutor.runWorker(ThreadPoolExecutor.java:1136)
	at java.base/java.util.concurrent.ThreadPoolExecutor$Worker.run(ThreadPoolExecutor.java:635)
	at java.base/java.lang.Thread.run(Thread.java:840)
26/01/22 16:59:15 ERROR Executor: Exception in task 16.0 in stage 44.0 (TID 1547)
java.io.FileNotFoundException: /storage/home/roqaya/NovaAD_Plus/src/tmp/spark-spill/blockmgr-df92e9ff-e7c7-4d78-b1a5-2849326a78a1/2a/temp_shuffle_50405d2d-387e-4f81-a36b-ef70b9585fe3 (No such file or directory)
	at java.base/java.io.FileOutputStream.open0(Native Method)
	at java.base/java.io.FileOutputStream.open(FileOutputStream.java:293)
	at java.base/java.io.FileOutputStream.<init>(FileOutputStream.java:235)
	at org.apache.spark.storage.DiskBlockObjectWriter.initialize(DiskBlockObjectWriter.scala:148)
	at org.apache.spark.storage.DiskBlockObjectWriter.open(DiskBlockObjectWriter.scala:168)
	at org.apache.spark.storage.DiskBlockObjectWriter.write(DiskBlockObjectWriter.scala:333)
	at org.apache.spark.shuffle.sort.BypassMergeSortShuffleWriter.write(BypassMergeSortShuffleWriter.java:174)
	at org.apache.spark.shuffle.ShuffleWriteProcessor.write(ShuffleWriteProcessor.scala:57)
	at org.apache.spark.scheduler.ShuffleMapTask.runTask(ShuffleMapTask.scala:111)
	at org.apache.spark.scheduler.ShuffleMapTask.runTask(ShuffleMapTask.scala:54)
	at org.apache.spark.TaskContext.runTaskWithListeners(TaskContext.scala:171)
	at org.apache.spark.scheduler.Task.run(Task.scala:147)
	at org.apache.spark.executor.Executor$TaskRunner.$anonfun$run$5(Executor.scala:647)
	at org.apache.spark.util.SparkErrorUtils.tryWithSafeFinally(SparkErrorUtils.scala:80)
	at org.apache.spark.util.SparkErrorUtils.tryWithSafeFinally$(SparkErrorUtils.scala:77)
	at org.apache.spark.util.Utils$.tryWithSafeFinally(Utils.scala:99)
	at org.apache.spark.executor.Executor$TaskRunner.run(Executor.scala:650)
	at java.base/java.util.concurrent.ThreadPoolExecutor.runWorker(ThreadPoolExecutor.java:1136)
	at java.base/java.util.concurrent.ThreadPoolExecutor$Worker.run(ThreadPoolExecutor.java:635)
	at java.base/java.lang.Thread.run(Thread.java:840)
26/01/22 16:59:15 ERROR Executor: Exception in task 2.0 in stage 44.0 (TID 1533)
java.io.FileNotFoundException: /storage/home/roqaya/NovaAD_Plus/src/tmp/spark-spill/blockmgr-df92e9ff-e7c7-4d78-b1a5-2849326a78a1/2d/temp_shuffle_a5f43af0-264a-4459-bda5-7a4ee08c9e9a (No such file or directory)
	at java.base/java.io.FileOutputStream.open0(Native Method)
	at java.base/java.io.FileOutputStream.open(FileOutputStream.java:293)
	at java.base/java.io.FileOutputStream.<init>(FileOutputStream.java:235)
	at org.apache.spark.storage.DiskBlockObjectWriter.initialize(DiskBlockObjectWriter.scala:148)
	at org.apache.spark.storage.DiskBlockObjectWriter.open(DiskBlockObjectWriter.scala:168)
	at org.apache.spark.storage.DiskBlockObjectWriter.write(DiskBlockObjectWriter.scala:333)
	at org.apache.spark.shuffle.sort.BypassMergeSortShuffleWriter.write(BypassMergeSortShuffleWriter.java:174)
	at org.apache.spark.shuffle.ShuffleWriteProcessor.write(ShuffleWriteProcessor.scala:57)
	at org.apache.spark.scheduler.ShuffleMapTask.runTask(ShuffleMapTask.scala:111)
	at org.apache.spark.scheduler.ShuffleMapTask.runTask(ShuffleMapTask.scala:54)
	at org.apache.spark.TaskContext.runTaskWithListeners(TaskContext.scala:171)
	at org.apache.spark.scheduler.Task.run(Task.scala:147)
	at org.apache.spark.executor.Executor$TaskRunner.$anonfun$run$5(Executor.scala:647)
	at org.apache.spark.util.SparkErrorUtils.tryWithSafeFinally(SparkErrorUtils.scala:80)
	at org.apache.spark.util.SparkErrorUtils.tryWithSafeFinally$(SparkErrorUtils.scala:77)
	at org.apache.spark.util.Utils$.tryWithSafeFinally(Utils.scala:99)
	at org.apache.spark.executor.Executor$TaskRunner.run(Executor.scala:650)
	at java.base/java.util.concurrent.ThreadPoolExecutor.runWorker(ThreadPoolExecutor.java:1136)
	at java.base/java.util.concurrent.ThreadPoolExecutor$Worker.run(ThreadPoolExecutor.java:635)
	at java.base/java.lang.Thread.run(Thread.java:840)
26/01/22 16:59:15 ERROR Executor: Exception in task 17.0 in stage 44.0 (TID 1548)
java.io.FileNotFoundException: /storage/home/roqaya/NovaAD_Plus/src/tmp/spark-spill/blockmgr-df92e9ff-e7c7-4d78-b1a5-2849326a78a1/3b/temp_shuffle_6b02ba4a-76dd-4e2a-930d-f8e175355ac6 (No such file or directory)
	at java.base/java.io.FileOutputStream.open0(Native Method)
	at java.base/java.io.FileOutputStream.open(FileOutputStream.java:293)
	at java.base/java.io.FileOutputStream.<init>(FileOutputStream.java:235)
	at org.apache.spark.storage.DiskBlockObjectWriter.initialize(DiskBlockObjectWriter.scala:148)
	at org.apache.spark.storage.DiskBlockObjectWriter.open(DiskBlockObjectWriter.scala:168)
	at org.apache.spark.storage.DiskBlockObjectWriter.write(DiskBlockObjectWriter.scala:333)
	at org.apache.spark.shuffle.sort.BypassMergeSortShuffleWriter.write(BypassMergeSortShuffleWriter.java:174)
	at org.apache.spark.shuffle.ShuffleWriteProcessor.write(ShuffleWriteProcessor.scala:57)
	at org.apache.spark.scheduler.ShuffleMapTask.runTask(ShuffleMapTask.scala:111)
	at org.apache.spark.scheduler.ShuffleMapTask.runTask(ShuffleMapTask.scala:54)
	at org.apache.spark.TaskContext.runTaskWithListeners(TaskContext.scala:171)
	at org.apache.spark.scheduler.Task.run(Task.scala:147)
	at org.apache.spark.executor.Executor$TaskRunner.$anonfun$run$5(Executor.scala:647)
	at org.apache.spark.util.SparkErrorUtils.tryWithSafeFinally(SparkErrorUtils.scala:80)
	at org.apache.spark.util.SparkErrorUtils.tryWithSafeFinally$(SparkErrorUtils.scala:77)
	at org.apache.spark.util.Utils$.tryWithSafeFinally(Utils.scala:99)
	at org.apache.spark.executor.Executor$TaskRunner.run(Executor.scala:650)
	at java.base/java.util.concurrent.ThreadPoolExecutor.runWorker(ThreadPoolExecutor.java:1136)
	at java.base/java.util.concurrent.ThreadPoolExecutor$Worker.run(ThreadPoolExecutor.java:635)
	at java.base/java.lang.Thread.run(Thread.java:840)
26/01/22 16:59:15 ERROR Executor: Exception in task 5.0 in stage 44.0 (TID 1536)
java.io.FileNotFoundException: /storage/home/roqaya/NovaAD_Plus/src/tmp/spark-spill/blockmgr-df92e9ff-e7c7-4d78-b1a5-2849326a78a1/3b/temp_shuffle_2ba761b7-d42e-443e-a717-67e17b59a671 (No such file or directory)
	at java.base/java.io.FileOutputStream.open0(Native Method)
	at java.base/java.io.FileOutputStream.open(FileOutputStream.java:293)
	at java.base/java.io.FileOutputStream.<init>(FileOutputStream.java:235)
	at org.apache.spark.storage.DiskBlockObjectWriter.initialize(DiskBlockObjectWriter.scala:148)
	at org.apache.spark.storage.DiskBlockObjectWriter.open(DiskBlockObjectWriter.scala:168)
	at org.apache.spark.storage.DiskBlockObjectWriter.write(DiskBlockObjectWriter.scala:333)
	at org.apache.spark.shuffle.sort.BypassMergeSortShuffleWriter.write(BypassMergeSortShuffleWriter.java:174)
	at org.apache.spark.shuffle.ShuffleWriteProcessor.write(ShuffleWriteProcessor.scala:57)
	at org.apache.spark.scheduler.ShuffleMapTask.runTask(ShuffleMapTask.scala:111)
	at org.apache.spark.scheduler.ShuffleMapTask.runTask(ShuffleMapTask.scala:54)
	at org.apache.spark.TaskContext.runTaskWithListeners(TaskContext.scala:171)
	at org.apache.spark.scheduler.Task.run(Task.scala:147)
	at org.apache.spark.executor.Executor$TaskRunner.$anonfun$run$5(Executor.scala:647)
	at org.apache.spark.util.SparkErrorUtils.tryWithSafeFinally(SparkErrorUtils.scala:80)
	at org.apache.spark.util.SparkErrorUtils.tryWithSafeFinally$(SparkErrorUtils.scala:77)
	at org.apache.spark.util.Utils$.tryWithSafeFinally(Utils.scala:99)
	at org.apache.spark.executor.Executor$TaskRunner.run(Executor.scala:650)
	at java.base/java.util.concurrent.ThreadPoolExecutor.runWorker(ThreadPoolExecutor.java:1136)
	at java.base/java.util.concurrent.ThreadPoolExecutor$Worker.run(ThreadPoolExecutor.java:635)
	at java.base/java.lang.Thread.run(Thread.java:840)
26/01/22 16:59:15 ERROR Executor: Exception in task 40.0 in stage 44.0 (TID 1571)
java.io.FileNotFoundException: /storage/home/roqaya/NovaAD_Plus/src/tmp/spark-spill/blockmgr-df92e9ff-e7c7-4d78-b1a5-2849326a78a1/32/temp_shuffle_6c9f170d-46f6-47a3-988e-0484d3bc7cc9 (No such file or directory)
	at java.base/java.io.FileOutputStream.open0(Native Method)
	at java.base/java.io.FileOutputStream.open(FileOutputStream.java:293)
	at java.base/java.io.FileOutputStream.<init>(FileOutputStream.java:235)
	at org.apache.spark.storage.DiskBlockObjectWriter.initialize(DiskBlockObjectWriter.scala:148)
	at org.apache.spark.storage.DiskBlockObjectWriter.open(DiskBlockObjectWriter.scala:168)
	at org.apache.spark.storage.DiskBlockObjectWriter.write(DiskBlockObjectWriter.scala:333)
	at org.apache.spark.shuffle.sort.BypassMergeSortShuffleWriter.write(BypassMergeSortShuffleWriter.java:174)
	at org.apache.spark.shuffle.ShuffleWriteProcessor.write(ShuffleWriteProcessor.scala:57)
	at org.apache.spark.scheduler.ShuffleMapTask.runTask(ShuffleMapTask.scala:111)
	at org.apache.spark.scheduler.ShuffleMapTask.runTask(ShuffleMapTask.scala:54)
	at org.apache.spark.TaskContext.runTaskWithListeners(TaskContext.scala:171)
	at org.apache.spark.scheduler.Task.run(Task.scala:147)
	at org.apache.spark.executor.Executor$TaskRunner.$anonfun$run$5(Executor.scala:647)
	at org.apache.spark.util.SparkErrorUtils.tryWithSafeFinally(SparkErrorUtils.scala:80)
	at org.apache.spark.util.SparkErrorUtils.tryWithSafeFinally$(SparkErrorUtils.scala:77)
	at org.apache.spark.util.Utils$.tryWithSafeFinally(Utils.scala:99)
	at org.apache.spark.executor.Executor$TaskRunner.run(Executor.scala:650)
	at java.base/java.util.concurrent.ThreadPoolExecutor.runWorker(ThreadPoolExecutor.java:1136)
	at java.base/java.util.concurrent.ThreadPoolExecutor$Worker.run(ThreadPoolExecutor.java:635)
	at java.base/java.lang.Thread.run(Thread.java:840)
26/01/22 16:59:15 WARN DiskBlockObjectWriter: Error deleting /storage/home/roqaya/NovaAD_Plus/src/tmp/spark-spill/blockmgr-df92e9ff-e7c7-4d78-b1a5-2849326a78a1/13/temp_shuffle_c5cb377c-65c5-4875-9883-2b704ba762cd
26/01/22 16:59:15 ERROR Executor: Exception in task 61.0 in stage 44.0 (TID 1592)
java.io.FileNotFoundException: /storage/home/roqaya/NovaAD_Plus/src/tmp/spark-spill/blockmgr-df92e9ff-e7c7-4d78-b1a5-2849326a78a1/13/temp_shuffle_c5cb377c-65c5-4875-9883-2b704ba762cd (No such file or directory)
	at java.base/java.io.FileOutputStream.open0(Native Method)
	at java.base/java.io.FileOutputStream.open(FileOutputStream.java:293)
	at java.base/java.io.FileOutputStream.<init>(FileOutputStream.java:235)
	at org.apache.spark.storage.DiskBlockObjectWriter.initialize(DiskBlockObjectWriter.scala:148)
	at org.apache.spark.storage.DiskBlockObjectWriter.open(DiskBlockObjectWriter.scala:168)
	at org.apache.spark.storage.DiskBlockObjectWriter.write(DiskBlockObjectWriter.scala:333)
	at org.apache.spark.shuffle.sort.BypassMergeSortShuffleWriter.write(BypassMergeSortShuffleWriter.java:174)
	at org.apache.spark.shuffle.ShuffleWriteProcessor.write(ShuffleWriteProcessor.scala:57)
	at org.apache.spark.scheduler.ShuffleMapTask.runTask(ShuffleMapTask.scala:111)
	at org.apache.spark.scheduler.ShuffleMapTask.runTask(ShuffleMapTask.scala:54)
	at org.apache.spark.TaskContext.runTaskWithListeners(TaskContext.scala:171)
	at org.apache.spark.scheduler.Task.run(Task.scala:147)
	at org.apache.spark.executor.Executor$TaskRunner.$anonfun$run$5(Executor.scala:647)
	at org.apache.spark.util.SparkErrorUtils.tryWithSafeFinally(SparkErrorUtils.scala:80)
	at org.apache.spark.util.SparkErrorUtils.tryWithSafeFinally$(SparkErrorUtils.scala:77)
	at org.apache.spark.util.Utils$.tryWithSafeFinally(Utils.scala:99)
	at org.apache.spark.executor.Executor$TaskRunner.run(Executor.scala:650)
	at java.base/java.util.concurrent.ThreadPoolExecutor.runWorker(ThreadPoolExecutor.java:1136)
	at java.base/java.util.concurrent.ThreadPoolExecutor$Worker.run(ThreadPoolExecutor.java:635)
	at java.base/java.lang.Thread.run(Thread.java:840)
26/01/22 16:59:15 WARN DiskBlockObjectWriter: Error deleting /storage/home/roqaya/NovaAD_Plus/src/tmp/spark-spill/blockmgr-df92e9ff-e7c7-4d78-b1a5-2849326a78a1/06/temp_shuffle_dbccea5b-e8bd-46d5-b276-c956acf725a3
26/01/22 16:59:15 WARN DiskBlockObjectWriter: Error deleting /storage/home/roqaya/NovaAD_Plus/src/tmp/spark-spill/blockmgr-df92e9ff-e7c7-4d78-b1a5-2849326a78a1/36/temp_shuffle_f9ea0b98-5c34-4da0-8b9c-f66310e4c540
26/01/22 16:59:15 WARN DiskBlockObjectWriter: Error deleting /storage/home/roqaya/NovaAD_Plus/src/tmp/spark-spill/blockmgr-df92e9ff-e7c7-4d78-b1a5-2849326a78a1/1a/temp_shuffle_10d63c69-7f6a-4c9c-94b5-2aa9696c5321
26/01/22 16:59:15 ERROR Executor: Exception in task 22.0 in stage 44.0 (TID 1553)
java.io.FileNotFoundException: /storage/home/roqaya/NovaAD_Plus/src/tmp/spark-spill/blockmgr-df92e9ff-e7c7-4d78-b1a5-2849326a78a1/36/temp_shuffle_f9ea0b98-5c34-4da0-8b9c-f66310e4c540 (No such file or directory)
	at java.base/java.io.FileOutputStream.open0(Native Method)
	at java.base/java.io.FileOutputStream.open(FileOutputStream.java:293)
	at java.base/java.io.FileOutputStream.<init>(FileOutputStream.java:235)
	at org.apache.spark.storage.DiskBlockObjectWriter.initialize(DiskBlockObjectWriter.scala:148)
	at org.apache.spark.storage.DiskBlockObjectWriter.open(DiskBlockObjectWriter.scala:168)
	at org.apache.spark.storage.DiskBlockObjectWriter.write(DiskBlockObjectWriter.scala:333)
	at org.apache.spark.shuffle.sort.BypassMergeSortShuffleWriter.write(BypassMergeSortShuffleWriter.java:174)
	at org.apache.spark.shuffle.ShuffleWriteProcessor.write(ShuffleWriteProcessor.scala:57)
	at org.apache.spark.scheduler.ShuffleMapTask.runTask(ShuffleMapTask.scala:111)
	at org.apache.spark.scheduler.ShuffleMapTask.runTask(ShuffleMapTask.scala:54)
	at org.apache.spark.TaskContext.runTaskWithListeners(TaskContext.scala:171)
	at org.apache.spark.scheduler.Task.run(Task.scala:147)
	at org.apache.spark.executor.Executor$TaskRunner.$anonfun$run$5(Executor.scala:647)
	at org.apache.spark.util.SparkErrorUtils.tryWithSafeFinally(SparkErrorUtils.scala:80)
	at org.apache.spark.util.SparkErrorUtils.tryWithSafeFinally$(SparkErrorUtils.scala:77)
	at org.apache.spark.util.Utils$.tryWithSafeFinally(Utils.scala:99)
	at org.apache.spark.executor.Executor$TaskRunner.run(Executor.scala:650)
	at java.base/java.util.concurrent.ThreadPoolExecutor.runWorker(ThreadPoolExecutor.java:1136)
	at java.base/java.util.concurrent.ThreadPoolExecutor$Worker.run(ThreadPoolExecutor.java:635)
	at java.base/java.lang.Thread.run(Thread.java:840)
26/01/22 16:59:15 WARN DiskBlockObjectWriter: Error deleting /storage/home/roqaya/NovaAD_Plus/src/tmp/spark-spill/blockmgr-df92e9ff-e7c7-4d78-b1a5-2849326a78a1/18/temp_shuffle_d3036404-fd24-49bc-9db1-6fafc2e58b81
26/01/22 16:59:15 WARN DiskBlockObjectWriter: Error deleting /storage/home/roqaya/NovaAD_Plus/src/tmp/spark-spill/blockmgr-df92e9ff-e7c7-4d78-b1a5-2849326a78a1/23/temp_shuffle_c567c265-bffe-418a-8d76-514abbdc8fcf
26/01/22 16:59:15 ERROR Executor: Exception in task 11.0 in stage 44.0 (TID 1542)
java.io.FileNotFoundException: /storage/home/roqaya/NovaAD_Plus/src/tmp/spark-spill/blockmgr-df92e9ff-e7c7-4d78-b1a5-2849326a78a1/23/temp_shuffle_c567c265-bffe-418a-8d76-514abbdc8fcf (No such file or directory)
	at java.base/java.io.FileOutputStream.open0(Native Method)
	at java.base/java.io.FileOutputStream.open(FileOutputStream.java:293)
	at java.base/java.io.FileOutputStream.<init>(FileOutputStream.java:235)
	at org.apache.spark.storage.DiskBlockObjectWriter.initialize(DiskBlockObjectWriter.scala:148)
	at org.apache.spark.storage.DiskBlockObjectWriter.open(DiskBlockObjectWriter.scala:168)
	at org.apache.spark.storage.DiskBlockObjectWriter.write(DiskBlockObjectWriter.scala:333)
	at org.apache.spark.shuffle.sort.BypassMergeSortShuffleWriter.write(BypassMergeSortShuffleWriter.java:174)
	at org.apache.spark.shuffle.ShuffleWriteProcessor.write(ShuffleWriteProcessor.scala:57)
	at org.apache.spark.scheduler.ShuffleMapTask.runTask(ShuffleMapTask.scala:111)
	at org.apache.spark.scheduler.ShuffleMapTask.runTask(ShuffleMapTask.scala:54)
	at org.apache.spark.TaskContext.runTaskWithListeners(TaskContext.scala:171)
	at org.apache.spark.scheduler.Task.run(Task.scala:147)
	at org.apache.spark.executor.Executor$TaskRunner.$anonfun$run$5(Executor.scala:647)
	at org.apache.spark.util.SparkErrorUtils.tryWithSafeFinally(SparkErrorUtils.scala:80)
	at org.apache.spark.util.SparkErrorUtils.tryWithSafeFinally$(SparkErrorUtils.scala:77)
	at org.apache.spark.util.Utils$.tryWithSafeFinally(Utils.scala:99)
	at org.apache.spark.executor.Executor$TaskRunner.run(Executor.scala:650)
	at java.base/java.util.concurrent.ThreadPoolExecutor.runWorker(ThreadPoolExecutor.java:1136)
	at java.base/java.util.concurrent.ThreadPoolExecutor$Worker.run(ThreadPoolExecutor.java:635)
	at java.base/java.lang.Thread.run(Thread.java:840)
26/01/22 16:59:15 ERROR Executor: Exception in task 53.0 in stage 44.0 (TID 1584)
java.io.FileNotFoundException: /storage/home/roqaya/NovaAD_Plus/src/tmp/spark-spill/blockmgr-df92e9ff-e7c7-4d78-b1a5-2849326a78a1/06/temp_shuffle_dbccea5b-e8bd-46d5-b276-c956acf725a3 (No such file or directory)
	at java.base/java.io.FileOutputStream.open0(Native Method)
	at java.base/java.io.FileOutputStream.open(FileOutputStream.java:293)
	at java.base/java.io.FileOutputStream.<init>(FileOutputStream.java:235)
	at org.apache.spark.storage.DiskBlockObjectWriter.initialize(DiskBlockObjectWriter.scala:148)
	at org.apache.spark.storage.DiskBlockObjectWriter.open(DiskBlockObjectWriter.scala:168)
	at org.apache.spark.storage.DiskBlockObjectWriter.write(DiskBlockObjectWriter.scala:333)
	at org.apache.spark.shuffle.sort.BypassMergeSortShuffleWriter.write(BypassMergeSortShuffleWriter.java:174)
	at org.apache.spark.shuffle.ShuffleWriteProcessor.write(ShuffleWriteProcessor.scala:57)
	at org.apache.spark.scheduler.ShuffleMapTask.runTask(ShuffleMapTask.scala:111)
	at org.apache.spark.scheduler.ShuffleMapTask.runTask(ShuffleMapTask.scala:54)
	at org.apache.spark.TaskContext.runTaskWithListeners(TaskContext.scala:171)
	at org.apache.spark.scheduler.Task.run(Task.scala:147)
	at org.apache.spark.executor.Executor$TaskRunner.$anonfun$run$5(Executor.scala:647)
	at org.apache.spark.util.SparkErrorUtils.tryWithSafeFinally(SparkErrorUtils.scala:80)
	at org.apache.spark.util.SparkErrorUtils.tryWithSafeFinally$(SparkErrorUtils.scala:77)
	at org.apache.spark.util.Utils$.tryWithSafeFinally(Utils.scala:99)
	at org.apache.spark.executor.Executor$TaskRunner.run(Executor.scala:650)
	at java.base/java.util.concurrent.ThreadPoolExecutor.runWorker(ThreadPoolExecutor.java:1136)
	at java.base/java.util.concurrent.ThreadPoolExecutor$Worker.run(ThreadPoolExecutor.java:635)
	at java.base/java.lang.Thread.run(Thread.java:840)
26/01/22 16:59:15 WARN DiskBlockObjectWriter: Error deleting /storage/home/roqaya/NovaAD_Plus/src/tmp/spark-spill/blockmgr-df92e9ff-e7c7-4d78-b1a5-2849326a78a1/0b/temp_shuffle_d70b5689-bcb7-4db5-85b7-a62e27ccebd2
26/01/22 16:59:15 ERROR Executor: Exception in task 9.0 in stage 44.0 (TID 1540)
java.io.FileNotFoundException: /storage/home/roqaya/NovaAD_Plus/src/tmp/spark-spill/blockmgr-df92e9ff-e7c7-4d78-b1a5-2849326a78a1/18/temp_shuffle_d3036404-fd24-49bc-9db1-6fafc2e58b81 (No such file or directory)
	at java.base/java.io.FileOutputStream.open0(Native Method)
	at java.base/java.io.FileOutputStream.open(FileOutputStream.java:293)
	at java.base/java.io.FileOutputStream.<init>(FileOutputStream.java:235)
	at org.apache.spark.storage.DiskBlockObjectWriter.initialize(DiskBlockObjectWriter.scala:148)
	at org.apache.spark.storage.DiskBlockObjectWriter.open(DiskBlockObjectWriter.scala:168)
	at org.apache.spark.storage.DiskBlockObjectWriter.write(DiskBlockObjectWriter.scala:333)
	at org.apache.spark.shuffle.sort.BypassMergeSortShuffleWriter.write(BypassMergeSortShuffleWriter.java:174)
	at org.apache.spark.shuffle.ShuffleWriteProcessor.write(ShuffleWriteProcessor.scala:57)
	at org.apache.spark.scheduler.ShuffleMapTask.runTask(ShuffleMapTask.scala:111)
	at org.apache.spark.scheduler.ShuffleMapTask.runTask(ShuffleMapTask.scala:54)
	at org.apache.spark.TaskContext.runTaskWithListeners(TaskContext.scala:171)
	at org.apache.spark.scheduler.Task.run(Task.scala:147)
	at org.apache.spark.executor.Executor$TaskRunner.$anonfun$run$5(Executor.scala:647)
	at org.apache.spark.util.SparkErrorUtils.tryWithSafeFinally(SparkErrorUtils.scala:80)
	at org.apache.spark.util.SparkErrorUtils.tryWithSafeFinally$(SparkErrorUtils.scala:77)
	at org.apache.spark.util.Utils$.tryWithSafeFinally(Utils.scala:99)
	at org.apache.spark.executor.Executor$TaskRunner.run(Executor.scala:650)
	at java.base/java.util.concurrent.ThreadPoolExecutor.runWorker(ThreadPoolExecutor.java:1136)
	at java.base/java.util.concurrent.ThreadPoolExecutor$Worker.run(ThreadPoolExecutor.java:635)
	at java.base/java.lang.Thread.run(Thread.java:840)
26/01/22 16:59:15 ERROR Executor: Exception in task 57.0 in stage 44.0 (TID 1588)
java.io.FileNotFoundException: /storage/home/roqaya/NovaAD_Plus/src/tmp/spark-spill/blockmgr-df92e9ff-e7c7-4d78-b1a5-2849326a78a1/0b/temp_shuffle_d70b5689-bcb7-4db5-85b7-a62e27ccebd2 (No such file or directory)
	at java.base/java.io.FileOutputStream.open0(Native Method)
	at java.base/java.io.FileOutputStream.open(FileOutputStream.java:293)
	at java.base/java.io.FileOutputStream.<init>(FileOutputStream.java:235)
	at org.apache.spark.storage.DiskBlockObjectWriter.initialize(DiskBlockObjectWriter.scala:148)
	at org.apache.spark.storage.DiskBlockObjectWriter.open(DiskBlockObjectWriter.scala:168)
	at org.apache.spark.storage.DiskBlockObjectWriter.write(DiskBlockObjectWriter.scala:333)
	at org.apache.spark.shuffle.sort.BypassMergeSortShuffleWriter.write(BypassMergeSortShuffleWriter.java:174)
	at org.apache.spark.shuffle.ShuffleWriteProcessor.write(ShuffleWriteProcessor.scala:57)
	at org.apache.spark.scheduler.ShuffleMapTask.runTask(ShuffleMapTask.scala:111)
	at org.apache.spark.scheduler.ShuffleMapTask.runTask(ShuffleMapTask.scala:54)
	at org.apache.spark.TaskContext.runTaskWithListeners(TaskContext.scala:171)
	at org.apache.spark.scheduler.Task.run(Task.scala:147)
	at org.apache.spark.executor.Executor$TaskRunner.$anonfun$run$5(Executor.scala:647)
	at org.apache.spark.util.SparkErrorUtils.tryWithSafeFinally(SparkErrorUtils.scala:80)
	at org.apache.spark.util.SparkErrorUtils.tryWithSafeFinally$(SparkErrorUtils.scala:77)
	at org.apache.spark.util.Utils$.tryWithSafeFinally(Utils.scala:99)
	at org.apache.spark.executor.Executor$TaskRunner.run(Executor.scala:650)
	at java.base/java.util.concurrent.ThreadPoolExecutor.runWorker(ThreadPoolExecutor.java:1136)
	at java.base/java.util.concurrent.ThreadPoolExecutor$Worker.run(ThreadPoolExecutor.java:635)
	at java.base/java.lang.Thread.run(Thread.java:840)
26/01/22 16:59:15 ERROR Executor: Exception in task 4.0 in stage 44.0 (TID 1535)
java.io.FileNotFoundException: /storage/home/roqaya/NovaAD_Plus/src/tmp/spark-spill/blockmgr-df92e9ff-e7c7-4d78-b1a5-2849326a78a1/1a/temp_shuffle_10d63c69-7f6a-4c9c-94b5-2aa9696c5321 (No such file or directory)
	at java.base/java.io.FileOutputStream.open0(Native Method)
	at java.base/java.io.FileOutputStream.open(FileOutputStream.java:293)
	at java.base/java.io.FileOutputStream.<init>(FileOutputStream.java:235)
	at org.apache.spark.storage.DiskBlockObjectWriter.initialize(DiskBlockObjectWriter.scala:148)
	at org.apache.spark.storage.DiskBlockObjectWriter.open(DiskBlockObjectWriter.scala:168)
	at org.apache.spark.storage.DiskBlockObjectWriter.write(DiskBlockObjectWriter.scala:333)
	at org.apache.spark.shuffle.sort.BypassMergeSortShuffleWriter.write(BypassMergeSortShuffleWriter.java:174)
	at org.apache.spark.shuffle.ShuffleWriteProcessor.write(ShuffleWriteProcessor.scala:57)
	at org.apache.spark.scheduler.ShuffleMapTask.runTask(ShuffleMapTask.scala:111)
	at org.apache.spark.scheduler.ShuffleMapTask.runTask(ShuffleMapTask.scala:54)
	at org.apache.spark.TaskContext.runTaskWithListeners(TaskContext.scala:171)
	at org.apache.spark.scheduler.Task.run(Task.scala:147)
	at org.apache.spark.executor.Executor$TaskRunner.$anonfun$run$5(Executor.scala:647)
	at org.apache.spark.util.SparkErrorUtils.tryWithSafeFinally(SparkErrorUtils.scala:80)
	at org.apache.spark.util.SparkErrorUtils.tryWithSafeFinally$(SparkErrorUtils.scala:77)
	at org.apache.spark.util.Utils$.tryWithSafeFinally(Utils.scala:99)
	at org.apache.spark.executor.Executor$TaskRunner.run(Executor.scala:650)
	at java.base/java.util.concurrent.ThreadPoolExecutor.runWorker(ThreadPoolExecutor.java:1136)
	at java.base/java.util.concurrent.ThreadPoolExecutor$Worker.run(ThreadPoolExecutor.java:635)
	at java.base/java.lang.Thread.run(Thread.java:840)
26/01/22 16:59:15 WARN DiskBlockObjectWriter: Error deleting /storage/home/roqaya/NovaAD_Plus/src/tmp/spark-spill/blockmgr-df92e9ff-e7c7-4d78-b1a5-2849326a78a1/0e/temp_shuffle_a49f689d-30e4-429f-8d3b-b5458174ec48
26/01/22 16:59:15 WARN DiskBlockObjectWriter: Error deleting /storage/home/roqaya/NovaAD_Plus/src/tmp/spark-spill/blockmgr-df92e9ff-e7c7-4d78-b1a5-2849326a78a1/29/temp_shuffle_0c18d640-261d-48ac-90a1-09d5e3695c3b
26/01/22 16:59:15 ERROR Executor: Exception in task 60.0 in stage 44.0 (TID 1591)
java.io.FileNotFoundException: /storage/home/roqaya/NovaAD_Plus/src/tmp/spark-spill/blockmgr-df92e9ff-e7c7-4d78-b1a5-2849326a78a1/0e/temp_shuffle_a49f689d-30e4-429f-8d3b-b5458174ec48 (No such file or directory)
	at java.base/java.io.FileOutputStream.open0(Native Method)
	at java.base/java.io.FileOutputStream.open(FileOutputStream.java:293)
	at java.base/java.io.FileOutputStream.<init>(FileOutputStream.java:235)
	at org.apache.spark.storage.DiskBlockObjectWriter.initialize(DiskBlockObjectWriter.scala:148)
	at org.apache.spark.storage.DiskBlockObjectWriter.open(DiskBlockObjectWriter.scala:168)
	at org.apache.spark.storage.DiskBlockObjectWriter.write(DiskBlockObjectWriter.scala:333)
	at org.apache.spark.shuffle.sort.BypassMergeSortShuffleWriter.write(BypassMergeSortShuffleWriter.java:174)
	at org.apache.spark.shuffle.ShuffleWriteProcessor.write(ShuffleWriteProcessor.scala:57)
	at org.apache.spark.scheduler.ShuffleMapTask.runTask(ShuffleMapTask.scala:111)
	at org.apache.spark.scheduler.ShuffleMapTask.runTask(ShuffleMapTask.scala:54)
	at org.apache.spark.TaskContext.runTaskWithListeners(TaskContext.scala:171)
	at org.apache.spark.scheduler.Task.run(Task.scala:147)
	at org.apache.spark.executor.Executor$TaskRunner.$anonfun$run$5(Executor.scala:647)
	at org.apache.spark.util.SparkErrorUtils.tryWithSafeFinally(SparkErrorUtils.scala:80)
	at org.apache.spark.util.SparkErrorUtils.tryWithSafeFinally$(SparkErrorUtils.scala:77)
	at org.apache.spark.util.Utils$.tryWithSafeFinally(Utils.scala:99)
	at org.apache.spark.executor.Executor$TaskRunner.run(Executor.scala:650)
	at java.base/java.util.concurrent.ThreadPoolExecutor.runWorker(ThreadPoolExecutor.java:1136)
	at java.base/java.util.concurrent.ThreadPoolExecutor$Worker.run(ThreadPoolExecutor.java:635)
	at java.base/java.lang.Thread.run(Thread.java:840)
26/01/22 16:59:15 ERROR Executor: Exception in task 55.0 in stage 44.0 (TID 1586)
java.io.FileNotFoundException: /storage/home/roqaya/NovaAD_Plus/src/tmp/spark-spill/blockmgr-df92e9ff-e7c7-4d78-b1a5-2849326a78a1/29/temp_shuffle_0c18d640-261d-48ac-90a1-09d5e3695c3b (No such file or directory)
	at java.base/java.io.FileOutputStream.open0(Native Method)
	at java.base/java.io.FileOutputStream.open(FileOutputStream.java:293)
	at java.base/java.io.FileOutputStream.<init>(FileOutputStream.java:235)
	at org.apache.spark.storage.DiskBlockObjectWriter.initialize(DiskBlockObjectWriter.scala:148)
	at org.apache.spark.storage.DiskBlockObjectWriter.open(DiskBlockObjectWriter.scala:168)
	at org.apache.spark.storage.DiskBlockObjectWriter.write(DiskBlockObjectWriter.scala:333)
	at org.apache.spark.shuffle.sort.BypassMergeSortShuffleWriter.write(BypassMergeSortShuffleWriter.java:174)
	at org.apache.spark.shuffle.ShuffleWriteProcessor.write(ShuffleWriteProcessor.scala:57)
	at org.apache.spark.scheduler.ShuffleMapTask.runTask(ShuffleMapTask.scala:111)
	at org.apache.spark.scheduler.ShuffleMapTask.runTask(ShuffleMapTask.scala:54)
	at org.apache.spark.TaskContext.runTaskWithListeners(TaskContext.scala:171)
	at org.apache.spark.scheduler.Task.run(Task.scala:147)
	at org.apache.spark.executor.Executor$TaskRunner.$anonfun$run$5(Executor.scala:647)
	at org.apache.spark.util.SparkErrorUtils.tryWithSafeFinally(SparkErrorUtils.scala:80)
	at org.apache.spark.util.SparkErrorUtils.tryWithSafeFinally$(SparkErrorUtils.scala:77)
	at org.apache.spark.util.Utils$.tryWithSafeFinally(Utils.scala:99)
	at org.apache.spark.executor.Executor$TaskRunner.run(Executor.scala:650)
	at java.base/java.util.concurrent.ThreadPoolExecutor.runWorker(ThreadPoolExecutor.java:1136)
	at java.base/java.util.concurrent.ThreadPoolExecutor$Worker.run(ThreadPoolExecutor.java:635)
	at java.base/java.lang.Thread.run(Thread.java:840)
26/01/22 16:59:15 WARN DiskBlockObjectWriter: Error deleting /storage/home/roqaya/NovaAD_Plus/src/tmp/spark-spill/blockmgr-df92e9ff-e7c7-4d78-b1a5-2849326a78a1/0c/temp_shuffle_3d458fb2-49c5-47cf-a9f2-62130cad14e6
26/01/22 16:59:15 WARN DiskBlockObjectWriter: Error deleting /storage/home/roqaya/NovaAD_Plus/src/tmp/spark-spill/blockmgr-df92e9ff-e7c7-4d78-b1a5-2849326a78a1/21/temp_shuffle_fed76ce8-5a5a-41eb-8711-0798fbf8907e
26/01/22 16:59:15 WARN DiskBlockObjectWriter: Error deleting /storage/home/roqaya/NovaAD_Plus/src/tmp/spark-spill/blockmgr-df92e9ff-e7c7-4d78-b1a5-2849326a78a1/32/temp_shuffle_c5b57836-9f9d-4960-9013-e110992ab398
26/01/22 16:59:15 ERROR Executor: Exception in task 52.0 in stage 44.0 (TID 1583)
java.io.FileNotFoundException: /storage/home/roqaya/NovaAD_Plus/src/tmp/spark-spill/blockmgr-df92e9ff-e7c7-4d78-b1a5-2849326a78a1/0c/temp_shuffle_3d458fb2-49c5-47cf-a9f2-62130cad14e6 (No such file or directory)
	at java.base/java.io.FileOutputStream.open0(Native Method)
	at java.base/java.io.FileOutputStream.open(FileOutputStream.java:293)
	at java.base/java.io.FileOutputStream.<init>(FileOutputStream.java:235)
	at org.apache.spark.storage.DiskBlockObjectWriter.initialize(DiskBlockObjectWriter.scala:148)
	at org.apache.spark.storage.DiskBlockObjectWriter.open(DiskBlockObjectWriter.scala:168)
	at org.apache.spark.storage.DiskBlockObjectWriter.write(DiskBlockObjectWriter.scala:333)
	at org.apache.spark.shuffle.sort.BypassMergeSortShuffleWriter.write(BypassMergeSortShuffleWriter.java:174)
	at org.apache.spark.shuffle.ShuffleWriteProcessor.write(ShuffleWriteProcessor.scala:57)
	at org.apache.spark.scheduler.ShuffleMapTask.runTask(ShuffleMapTask.scala:111)
	at org.apache.spark.scheduler.ShuffleMapTask.runTask(ShuffleMapTask.scala:54)
	at org.apache.spark.TaskContext.runTaskWithListeners(TaskContext.scala:171)
	at org.apache.spark.scheduler.Task.run(Task.scala:147)
	at org.apache.spark.executor.Executor$TaskRunner.$anonfun$run$5(Executor.scala:647)
	at org.apache.spark.util.SparkErrorUtils.tryWithSafeFinally(SparkErrorUtils.scala:80)
	at org.apache.spark.util.SparkErrorUtils.tryWithSafeFinally$(SparkErrorUtils.scala:77)
	at org.apache.spark.util.Utils$.tryWithSafeFinally(Utils.scala:99)
	at org.apache.spark.executor.Executor$TaskRunner.run(Executor.scala:650)
	at java.base/java.util.concurrent.ThreadPoolExecutor.runWorker(ThreadPoolExecutor.java:1136)
	at java.base/java.util.concurrent.ThreadPoolExecutor$Worker.run(ThreadPoolExecutor.java:635)
	at java.base/java.lang.Thread.run(Thread.java:840)
26/01/22 16:59:15 ERROR Executor: Exception in task 10.0 in stage 44.0 (TID 1541)
java.io.FileNotFoundException: /storage/home/roqaya/NovaAD_Plus/src/tmp/spark-spill/blockmgr-df92e9ff-e7c7-4d78-b1a5-2849326a78a1/21/temp_shuffle_fed76ce8-5a5a-41eb-8711-0798fbf8907e (No such file or directory)
	at java.base/java.io.FileOutputStream.open0(Native Method)
	at java.base/java.io.FileOutputStream.open(FileOutputStream.java:293)
	at java.base/java.io.FileOutputStream.<init>(FileOutputStream.java:235)
	at org.apache.spark.storage.DiskBlockObjectWriter.initialize(DiskBlockObjectWriter.scala:148)
	at org.apache.spark.storage.DiskBlockObjectWriter.open(DiskBlockObjectWriter.scala:168)
	at org.apache.spark.storage.DiskBlockObjectWriter.write(DiskBlockObjectWriter.scala:333)
	at org.apache.spark.shuffle.sort.BypassMergeSortShuffleWriter.write(BypassMergeSortShuffleWriter.java:174)
	at org.apache.spark.shuffle.ShuffleWriteProcessor.write(ShuffleWriteProcessor.scala:57)
	at org.apache.spark.scheduler.ShuffleMapTask.runTask(ShuffleMapTask.scala:111)
	at org.apache.spark.scheduler.ShuffleMapTask.runTask(ShuffleMapTask.scala:54)
	at org.apache.spark.TaskContext.runTaskWithListeners(TaskContext.scala:171)
	at org.apache.spark.scheduler.Task.run(Task.scala:147)
	at org.apache.spark.executor.Executor$TaskRunner.$anonfun$run$5(Executor.scala:647)
	at org.apache.spark.util.SparkErrorUtils.tryWithSafeFinally(SparkErrorUtils.scala:80)
	at org.apache.spark.util.SparkErrorUtils.tryWithSafeFinally$(SparkErrorUtils.scala:77)
	at org.apache.spark.util.Utils$.tryWithSafeFinally(Utils.scala:99)
	at org.apache.spark.executor.Executor$TaskRunner.run(Executor.scala:650)
	at java.base/java.util.concurrent.ThreadPoolExecutor.runWorker(ThreadPoolExecutor.java:1136)
	at java.base/java.util.concurrent.ThreadPoolExecutor$Worker.run(ThreadPoolExecutor.java:635)
	at java.base/java.lang.Thread.run(Thread.java:840)
26/01/22 16:59:15 ERROR Executor: Exception in task 27.0 in stage 44.0 (TID 1558)
java.io.FileNotFoundException: /storage/home/roqaya/NovaAD_Plus/src/tmp/spark-spill/blockmgr-df92e9ff-e7c7-4d78-b1a5-2849326a78a1/32/temp_shuffle_c5b57836-9f9d-4960-9013-e110992ab398 (No such file or directory)
	at java.base/java.io.FileOutputStream.open0(Native Method)
	at java.base/java.io.FileOutputStream.open(FileOutputStream.java:293)
	at java.base/java.io.FileOutputStream.<init>(FileOutputStream.java:235)
	at org.apache.spark.storage.DiskBlockObjectWriter.initialize(DiskBlockObjectWriter.scala:148)
	at org.apache.spark.storage.DiskBlockObjectWriter.open(DiskBlockObjectWriter.scala:168)
	at org.apache.spark.storage.DiskBlockObjectWriter.write(DiskBlockObjectWriter.scala:333)
	at org.apache.spark.shuffle.sort.BypassMergeSortShuffleWriter.write(BypassMergeSortShuffleWriter.java:174)
	at org.apache.spark.shuffle.ShuffleWriteProcessor.write(ShuffleWriteProcessor.scala:57)
	at org.apache.spark.scheduler.ShuffleMapTask.runTask(ShuffleMapTask.scala:111)
	at org.apache.spark.scheduler.ShuffleMapTask.runTask(ShuffleMapTask.scala:54)
	at org.apache.spark.TaskContext.runTaskWithListeners(TaskContext.scala:171)
	at org.apache.spark.scheduler.Task.run(Task.scala:147)
	at org.apache.spark.executor.Executor$TaskRunner.$anonfun$run$5(Executor.scala:647)
	at org.apache.spark.util.SparkErrorUtils.tryWithSafeFinally(SparkErrorUtils.scala:80)
	at org.apache.spark.util.SparkErrorUtils.tryWithSafeFinally$(SparkErrorUtils.scala:77)
	at org.apache.spark.util.Utils$.tryWithSafeFinally(Utils.scala:99)
	at org.apache.spark.executor.Executor$TaskRunner.run(Executor.scala:650)
	at java.base/java.util.concurrent.ThreadPoolExecutor.runWorker(ThreadPoolExecutor.java:1136)
	at java.base/java.util.concurrent.ThreadPoolExecutor$Worker.run(ThreadPoolExecutor.java:635)
	at java.base/java.lang.Thread.run(Thread.java:840)
26/01/22 16:59:15 WARN DiskBlockObjectWriter: Error deleting /storage/home/roqaya/NovaAD_Plus/src/tmp/spark-spill/blockmgr-df92e9ff-e7c7-4d78-b1a5-2849326a78a1/0e/temp_shuffle_a5a7e281-6d43-4170-a110-1962faa1d5c6
26/01/22 16:59:15 ERROR Executor: Exception in task 29.0 in stage 44.0 (TID 1560)
java.io.FileNotFoundException: /storage/home/roqaya/NovaAD_Plus/src/tmp/spark-spill/blockmgr-df92e9ff-e7c7-4d78-b1a5-2849326a78a1/0e/temp_shuffle_a5a7e281-6d43-4170-a110-1962faa1d5c6 (No such file or directory)
	at java.base/java.io.FileOutputStream.open0(Native Method)
	at java.base/java.io.FileOutputStream.open(FileOutputStream.java:293)
	at java.base/java.io.FileOutputStream.<init>(FileOutputStream.java:235)
	at org.apache.spark.storage.DiskBlockObjectWriter.initialize(DiskBlockObjectWriter.scala:148)
	at org.apache.spark.storage.DiskBlockObjectWriter.open(DiskBlockObjectWriter.scala:168)
	at org.apache.spark.storage.DiskBlockObjectWriter.write(DiskBlockObjectWriter.scala:333)
	at org.apache.spark.shuffle.sort.BypassMergeSortShuffleWriter.write(BypassMergeSortShuffleWriter.java:174)
	at org.apache.spark.shuffle.ShuffleWriteProcessor.write(ShuffleWriteProcessor.scala:57)
	at org.apache.spark.scheduler.ShuffleMapTask.runTask(ShuffleMapTask.scala:111)
	at org.apache.spark.scheduler.ShuffleMapTask.runTask(ShuffleMapTask.scala:54)
	at org.apache.spark.TaskContext.runTaskWithListeners(TaskContext.scala:171)
	at org.apache.spark.scheduler.Task.run(Task.scala:147)
	at org.apache.spark.executor.Executor$TaskRunner.$anonfun$run$5(Executor.scala:647)
	at org.apache.spark.util.SparkErrorUtils.tryWithSafeFinally(SparkErrorUtils.scala:80)
	at org.apache.spark.util.SparkErrorUtils.tryWithSafeFinally$(SparkErrorUtils.scala:77)
	at org.apache.spark.util.Utils$.tryWithSafeFinally(Utils.scala:99)
	at org.apache.spark.executor.Executor$TaskRunner.run(Executor.scala:650)
	at java.base/java.util.concurrent.ThreadPoolExecutor.runWorker(ThreadPoolExecutor.java:1136)
	at java.base/java.util.concurrent.ThreadPoolExecutor$Worker.run(ThreadPoolExecutor.java:635)
	at java.base/java.lang.Thread.run(Thread.java:840)
26/01/22 16:59:15 WARN DiskBlockObjectWriter: Error deleting /storage/home/roqaya/NovaAD_Plus/src/tmp/spark-spill/blockmgr-df92e9ff-e7c7-4d78-b1a5-2849326a78a1/2c/temp_shuffle_6519375c-349d-4d65-b46d-b596b7335436
26/01/22 16:59:15 WARN DiskBlockObjectWriter: Error deleting /storage/home/roqaya/NovaAD_Plus/src/tmp/spark-spill/blockmgr-df92e9ff-e7c7-4d78-b1a5-2849326a78a1/33/temp_shuffle_e207e057-e239-43fe-ae3a-33625b9dfde5
26/01/22 16:59:15 ERROR Executor: Exception in task 54.0 in stage 44.0 (TID 1585)
java.io.FileNotFoundException: /storage/home/roqaya/NovaAD_Plus/src/tmp/spark-spill/blockmgr-df92e9ff-e7c7-4d78-b1a5-2849326a78a1/33/temp_shuffle_e207e057-e239-43fe-ae3a-33625b9dfde5 (No such file or directory)
	at java.base/java.io.FileOutputStream.open0(Native Method)
	at java.base/java.io.FileOutputStream.open(FileOutputStream.java:293)
	at java.base/java.io.FileOutputStream.<init>(FileOutputStream.java:235)
	at org.apache.spark.storage.DiskBlockObjectWriter.initialize(DiskBlockObjectWriter.scala:148)
	at org.apache.spark.storage.DiskBlockObjectWriter.open(DiskBlockObjectWriter.scala:168)
	at org.apache.spark.storage.DiskBlockObjectWriter.write(DiskBlockObjectWriter.scala:333)
	at org.apache.spark.shuffle.sort.BypassMergeSortShuffleWriter.write(BypassMergeSortShuffleWriter.java:174)
	at org.apache.spark.shuffle.ShuffleWriteProcessor.write(ShuffleWriteProcessor.scala:57)
	at org.apache.spark.scheduler.ShuffleMapTask.runTask(ShuffleMapTask.scala:111)
	at org.apache.spark.scheduler.ShuffleMapTask.runTask(ShuffleMapTask.scala:54)
	at org.apache.spark.TaskContext.runTaskWithListeners(TaskContext.scala:171)
	at org.apache.spark.scheduler.Task.run(Task.scala:147)
	at org.apache.spark.executor.Executor$TaskRunner.$anonfun$run$5(Executor.scala:647)
	at org.apache.spark.util.SparkErrorUtils.tryWithSafeFinally(SparkErrorUtils.scala:80)
	at org.apache.spark.util.SparkErrorUtils.tryWithSafeFinally$(SparkErrorUtils.scala:77)
	at org.apache.spark.util.Utils$.tryWithSafeFinally(Utils.scala:99)
	at org.apache.spark.executor.Executor$TaskRunner.run(Executor.scala:650)
	at java.base/java.util.concurrent.ThreadPoolExecutor.runWorker(ThreadPoolExecutor.java:1136)
	at java.base/java.util.concurrent.ThreadPoolExecutor$Worker.run(ThreadPoolExecutor.java:635)
	at java.base/java.lang.Thread.run(Thread.java:840)
26/01/22 16:59:15 ERROR Executor: Exception in task 1.0 in stage 44.0 (TID 1532)
java.io.FileNotFoundException: /storage/home/roqaya/NovaAD_Plus/src/tmp/spark-spill/blockmgr-df92e9ff-e7c7-4d78-b1a5-2849326a78a1/2c/temp_shuffle_6519375c-349d-4d65-b46d-b596b7335436 (No such file or directory)
	at java.base/java.io.FileOutputStream.open0(Native Method)
	at java.base/java.io.FileOutputStream.open(FileOutputStream.java:293)
	at java.base/java.io.FileOutputStream.<init>(FileOutputStream.java:235)
	at org.apache.spark.storage.DiskBlockObjectWriter.initialize(DiskBlockObjectWriter.scala:148)
	at org.apache.spark.storage.DiskBlockObjectWriter.open(DiskBlockObjectWriter.scala:168)
	at org.apache.spark.storage.DiskBlockObjectWriter.write(DiskBlockObjectWriter.scala:333)
	at org.apache.spark.shuffle.sort.BypassMergeSortShuffleWriter.write(BypassMergeSortShuffleWriter.java:174)
	at org.apache.spark.shuffle.ShuffleWriteProcessor.write(ShuffleWriteProcessor.scala:57)
	at org.apache.spark.scheduler.ShuffleMapTask.runTask(ShuffleMapTask.scala:111)
	at org.apache.spark.scheduler.ShuffleMapTask.runTask(ShuffleMapTask.scala:54)
	at org.apache.spark.TaskContext.runTaskWithListeners(TaskContext.scala:171)
	at org.apache.spark.scheduler.Task.run(Task.scala:147)
	at org.apache.spark.executor.Executor$TaskRunner.$anonfun$run$5(Executor.scala:647)
	at org.apache.spark.util.SparkErrorUtils.tryWithSafeFinally(SparkErrorUtils.scala:80)
	at org.apache.spark.util.SparkErrorUtils.tryWithSafeFinally$(SparkErrorUtils.scala:77)
	at org.apache.spark.util.Utils$.tryWithSafeFinally(Utils.scala:99)
	at org.apache.spark.executor.Executor$TaskRunner.run(Executor.scala:650)
	at java.base/java.util.concurrent.ThreadPoolExecutor.runWorker(ThreadPoolExecutor.java:1136)
	at java.base/java.util.concurrent.ThreadPoolExecutor$Worker.run(ThreadPoolExecutor.java:635)
	at java.base/java.lang.Thread.run(Thread.java:840)
26/01/22 16:59:15 WARN DiskBlockObjectWriter: Error deleting /storage/home/roqaya/NovaAD_Plus/src/tmp/spark-spill/blockmgr-df92e9ff-e7c7-4d78-b1a5-2849326a78a1/1c/temp_shuffle_3608d75b-2132-4525-8cb9-e532098e48f9
26/01/22 16:59:15 ERROR Executor: Exception in task 14.0 in stage 44.0 (TID 1545)
java.io.FileNotFoundException: /storage/home/roqaya/NovaAD_Plus/src/tmp/spark-spill/blockmgr-df92e9ff-e7c7-4d78-b1a5-2849326a78a1/1c/temp_shuffle_3608d75b-2132-4525-8cb9-e532098e48f9 (No such file or directory)
	at java.base/java.io.FileOutputStream.open0(Native Method)
	at java.base/java.io.FileOutputStream.open(FileOutputStream.java:293)
	at java.base/java.io.FileOutputStream.<init>(FileOutputStream.java:235)
	at org.apache.spark.storage.DiskBlockObjectWriter.initialize(DiskBlockObjectWriter.scala:148)
	at org.apache.spark.storage.DiskBlockObjectWriter.open(DiskBlockObjectWriter.scala:168)
	at org.apache.spark.storage.DiskBlockObjectWriter.write(DiskBlockObjectWriter.scala:333)
	at org.apache.spark.shuffle.sort.BypassMergeSortShuffleWriter.write(BypassMergeSortShuffleWriter.java:174)
	at org.apache.spark.shuffle.ShuffleWriteProcessor.write(ShuffleWriteProcessor.scala:57)
	at org.apache.spark.scheduler.ShuffleMapTask.runTask(ShuffleMapTask.scala:111)
	at org.apache.spark.scheduler.ShuffleMapTask.runTask(ShuffleMapTask.scala:54)
	at org.apache.spark.TaskContext.runTaskWithListeners(TaskContext.scala:171)
	at org.apache.spark.scheduler.Task.run(Task.scala:147)
	at org.apache.spark.executor.Executor$TaskRunner.$anonfun$run$5(Executor.scala:647)
	at org.apache.spark.util.SparkErrorUtils.tryWithSafeFinally(SparkErrorUtils.scala:80)
	at org.apache.spark.util.SparkErrorUtils.tryWithSafeFinally$(SparkErrorUtils.scala:77)
	at org.apache.spark.util.Utils$.tryWithSafeFinally(Utils.scala:99)
	at org.apache.spark.executor.Executor$TaskRunner.run(Executor.scala:650)
	at java.base/java.util.concurrent.ThreadPoolExecutor.runWorker(ThreadPoolExecutor.java:1136)
	at java.base/java.util.concurrent.ThreadPoolExecutor$Worker.run(ThreadPoolExecutor.java:635)
	at java.base/java.lang.Thread.run(Thread.java:840)
26/01/22 16:59:15 WARN DiskBlockObjectWriter: Error deleting /storage/home/roqaya/NovaAD_Plus/src/tmp/spark-spill/blockmgr-df92e9ff-e7c7-4d78-b1a5-2849326a78a1/04/temp_shuffle_530fe739-ad21-4d7e-8d14-7fa0671ff0fb
26/01/22 16:59:15 ERROR Executor: Exception in task 8.0 in stage 44.0 (TID 1539)
java.io.FileNotFoundException: /storage/home/roqaya/NovaAD_Plus/src/tmp/spark-spill/blockmgr-df92e9ff-e7c7-4d78-b1a5-2849326a78a1/04/temp_shuffle_530fe739-ad21-4d7e-8d14-7fa0671ff0fb (No such file or directory)
	at java.base/java.io.FileOutputStream.open0(Native Method)
	at java.base/java.io.FileOutputStream.open(FileOutputStream.java:293)
	at java.base/java.io.FileOutputStream.<init>(FileOutputStream.java:235)
	at org.apache.spark.storage.DiskBlockObjectWriter.initialize(DiskBlockObjectWriter.scala:148)
	at org.apache.spark.storage.DiskBlockObjectWriter.open(DiskBlockObjectWriter.scala:168)
	at org.apache.spark.storage.DiskBlockObjectWriter.write(DiskBlockObjectWriter.scala:333)
	at org.apache.spark.shuffle.sort.BypassMergeSortShuffleWriter.write(BypassMergeSortShuffleWriter.java:174)
	at org.apache.spark.shuffle.ShuffleWriteProcessor.write(ShuffleWriteProcessor.scala:57)
	at org.apache.spark.scheduler.ShuffleMapTask.runTask(ShuffleMapTask.scala:111)
	at org.apache.spark.scheduler.ShuffleMapTask.runTask(ShuffleMapTask.scala:54)
	at org.apache.spark.TaskContext.runTaskWithListeners(TaskContext.scala:171)
	at org.apache.spark.scheduler.Task.run(Task.scala:147)
	at org.apache.spark.executor.Executor$TaskRunner.$anonfun$run$5(Executor.scala:647)
	at org.apache.spark.util.SparkErrorUtils.tryWithSafeFinally(SparkErrorUtils.scala:80)
	at org.apache.spark.util.SparkErrorUtils.tryWithSafeFinally$(SparkErrorUtils.scala:77)
	at org.apache.spark.util.Utils$.tryWithSafeFinally(Utils.scala:99)
	at org.apache.spark.executor.Executor$TaskRunner.run(Executor.scala:650)
	at java.base/java.util.concurrent.ThreadPoolExecutor.runWorker(ThreadPoolExecutor.java:1136)
	at java.base/java.util.concurrent.ThreadPoolExecutor$Worker.run(ThreadPoolExecutor.java:635)
	at java.base/java.lang.Thread.run(Thread.java:840)
26/01/22 16:59:15 WARN DiskBlockObjectWriter: Error deleting /storage/home/roqaya/NovaAD_Plus/src/tmp/spark-spill/blockmgr-df92e9ff-e7c7-4d78-b1a5-2849326a78a1/09/temp_shuffle_300d474b-be52-4a04-8cfa-db12af1992c7
26/01/22 16:59:15 WARN DiskBlockObjectWriter: Error deleting /storage/home/roqaya/NovaAD_Plus/src/tmp/spark-spill/blockmgr-df92e9ff-e7c7-4d78-b1a5-2849326a78a1/0b/temp_shuffle_45fc6f2f-637e-41e9-a918-983f923602ab
26/01/22 16:59:15 WARN DiskBlockObjectWriter: Error deleting /storage/home/roqaya/NovaAD_Plus/src/tmp/spark-spill/blockmgr-df92e9ff-e7c7-4d78-b1a5-2849326a78a1/11/temp_shuffle_49987635-4075-4cfa-b121-61779fa08868
26/01/22 16:59:15 WARN DiskBlockObjectWriter: Error deleting /storage/home/roqaya/NovaAD_Plus/src/tmp/spark-spill/blockmgr-df92e9ff-e7c7-4d78-b1a5-2849326a78a1/3b/temp_shuffle_25f270a0-10eb-4e5c-96b8-affa23144b0a
26/01/22 16:59:15 ERROR Executor: Exception in task 62.0 in stage 44.0 (TID 1593)
java.io.FileNotFoundException: /storage/home/roqaya/NovaAD_Plus/src/tmp/spark-spill/blockmgr-df92e9ff-e7c7-4d78-b1a5-2849326a78a1/09/temp_shuffle_300d474b-be52-4a04-8cfa-db12af1992c7 (No such file or directory)
	at java.base/java.io.FileOutputStream.open0(Native Method)
	at java.base/java.io.FileOutputStream.open(FileOutputStream.java:293)
	at java.base/java.io.FileOutputStream.<init>(FileOutputStream.java:235)
	at org.apache.spark.storage.DiskBlockObjectWriter.initialize(DiskBlockObjectWriter.scala:148)
	at org.apache.spark.storage.DiskBlockObjectWriter.open(DiskBlockObjectWriter.scala:168)
	at org.apache.spark.storage.DiskBlockObjectWriter.write(DiskBlockObjectWriter.scala:333)
	at org.apache.spark.shuffle.sort.BypassMergeSortShuffleWriter.write(BypassMergeSortShuffleWriter.java:174)
	at org.apache.spark.shuffle.ShuffleWriteProcessor.write(ShuffleWriteProcessor.scala:57)
	at org.apache.spark.scheduler.ShuffleMapTask.runTask(ShuffleMapTask.scala:111)
	at org.apache.spark.scheduler.ShuffleMapTask.runTask(ShuffleMapTask.scala:54)
	at org.apache.spark.TaskContext.runTaskWithListeners(TaskContext.scala:171)
	at org.apache.spark.scheduler.Task.run(Task.scala:147)
	at org.apache.spark.executor.Executor$TaskRunner.$anonfun$run$5(Executor.scala:647)
	at org.apache.spark.util.SparkErrorUtils.tryWithSafeFinally(SparkErrorUtils.scala:80)
	at org.apache.spark.util.SparkErrorUtils.tryWithSafeFinally$(SparkErrorUtils.scala:77)
	at org.apache.spark.util.Utils$.tryWithSafeFinally(Utils.scala:99)
	at org.apache.spark.executor.Executor$TaskRunner.run(Executor.scala:650)
	at java.base/java.util.concurrent.ThreadPoolExecutor.runWorker(ThreadPoolExecutor.java:1136)
	at java.base/java.util.concurrent.ThreadPoolExecutor$Worker.run(ThreadPoolExecutor.java:635)
	at java.base/java.lang.Thread.run(Thread.java:840)
26/01/22 16:59:15 ERROR Executor: Exception in task 63.0 in stage 44.0 (TID 1594)
java.io.FileNotFoundException: /storage/home/roqaya/NovaAD_Plus/src/tmp/spark-spill/blockmgr-df92e9ff-e7c7-4d78-b1a5-2849326a78a1/0b/temp_shuffle_45fc6f2f-637e-41e9-a918-983f923602ab (No such file or directory)
	at java.base/java.io.FileOutputStream.open0(Native Method)
	at java.base/java.io.FileOutputStream.open(FileOutputStream.java:293)
	at java.base/java.io.FileOutputStream.<init>(FileOutputStream.java:235)
	at org.apache.spark.storage.DiskBlockObjectWriter.initialize(DiskBlockObjectWriter.scala:148)
	at org.apache.spark.storage.DiskBlockObjectWriter.open(DiskBlockObjectWriter.scala:168)
	at org.apache.spark.storage.DiskBlockObjectWriter.write(DiskBlockObjectWriter.scala:333)
	at org.apache.spark.shuffle.sort.BypassMergeSortShuffleWriter.write(BypassMergeSortShuffleWriter.java:174)
	at org.apache.spark.shuffle.ShuffleWriteProcessor.write(ShuffleWriteProcessor.scala:57)
	at org.apache.spark.scheduler.ShuffleMapTask.runTask(ShuffleMapTask.scala:111)
	at org.apache.spark.scheduler.ShuffleMapTask.runTask(ShuffleMapTask.scala:54)
	at org.apache.spark.TaskContext.runTaskWithListeners(TaskContext.scala:171)
	at org.apache.spark.scheduler.Task.run(Task.scala:147)
	at org.apache.spark.executor.Executor$TaskRunner.$anonfun$run$5(Executor.scala:647)
	at org.apache.spark.util.SparkErrorUtils.tryWithSafeFinally(SparkErrorUtils.scala:80)
	at org.apache.spark.util.SparkErrorUtils.tryWithSafeFinally$(SparkErrorUtils.scala:77)
	at org.apache.spark.util.Utils$.tryWithSafeFinally(Utils.scala:99)
	at org.apache.spark.executor.Executor$TaskRunner.run(Executor.scala:650)
	at java.base/java.util.concurrent.ThreadPoolExecutor.runWorker(ThreadPoolExecutor.java:1136)
	at java.base/java.util.concurrent.ThreadPoolExecutor$Worker.run(ThreadPoolExecutor.java:635)
	at java.base/java.lang.Thread.run(Thread.java:840)
26/01/22 16:59:15 WARN DiskBlockObjectWriter: Error deleting /storage/home/roqaya/NovaAD_Plus/src/tmp/spark-spill/blockmgr-df92e9ff-e7c7-4d78-b1a5-2849326a78a1/21/temp_shuffle_bbecb426-d915-49a1-a056-9d77890b4a03
26/01/22 16:59:15 ERROR Executor: Exception in task 18.0 in stage 44.0 (TID 1549)
java.io.FileNotFoundException: /storage/home/roqaya/NovaAD_Plus/src/tmp/spark-spill/blockmgr-df92e9ff-e7c7-4d78-b1a5-2849326a78a1/11/temp_shuffle_49987635-4075-4cfa-b121-61779fa08868 (No such file or directory)
	at java.base/java.io.FileOutputStream.open0(Native Method)
	at java.base/java.io.FileOutputStream.open(FileOutputStream.java:293)
	at java.base/java.io.FileOutputStream.<init>(FileOutputStream.java:235)
	at org.apache.spark.storage.DiskBlockObjectWriter.initialize(DiskBlockObjectWriter.scala:148)
	at org.apache.spark.storage.DiskBlockObjectWriter.open(DiskBlockObjectWriter.scala:168)
	at org.apache.spark.storage.DiskBlockObjectWriter.write(DiskBlockObjectWriter.scala:333)
	at org.apache.spark.shuffle.sort.BypassMergeSortShuffleWriter.write(BypassMergeSortShuffleWriter.java:174)
	at org.apache.spark.shuffle.ShuffleWriteProcessor.write(ShuffleWriteProcessor.scala:57)
	at org.apache.spark.scheduler.ShuffleMapTask.runTask(ShuffleMapTask.scala:111)
	at org.apache.spark.scheduler.ShuffleMapTask.runTask(ShuffleMapTask.scala:54)
	at org.apache.spark.TaskContext.runTaskWithListeners(TaskContext.scala:171)
	at org.apache.spark.scheduler.Task.run(Task.scala:147)
	at org.apache.spark.executor.Executor$TaskRunner.$anonfun$run$5(Executor.scala:647)
	at org.apache.spark.util.SparkErrorUtils.tryWithSafeFinally(SparkErrorUtils.scala:80)
	at org.apache.spark.util.SparkErrorUtils.tryWithSafeFinally$(SparkErrorUtils.scala:77)
	at org.apache.spark.util.Utils$.tryWithSafeFinally(Utils.scala:99)
	at org.apache.spark.executor.Executor$TaskRunner.run(Executor.scala:650)
	at java.base/java.util.concurrent.ThreadPoolExecutor.runWorker(ThreadPoolExecutor.java:1136)
	at java.base/java.util.concurrent.ThreadPoolExecutor$Worker.run(ThreadPoolExecutor.java:635)
	at java.base/java.lang.Thread.run(Thread.java:840)
26/01/22 16:59:15 ERROR Executor: Exception in task 13.0 in stage 44.0 (TID 1544)
java.io.FileNotFoundException: /storage/home/roqaya/NovaAD_Plus/src/tmp/spark-spill/blockmgr-df92e9ff-e7c7-4d78-b1a5-2849326a78a1/3b/temp_shuffle_25f270a0-10eb-4e5c-96b8-affa23144b0a (No such file or directory)
	at java.base/java.io.FileOutputStream.open0(Native Method)
	at java.base/java.io.FileOutputStream.open(FileOutputStream.java:293)
	at java.base/java.io.FileOutputStream.<init>(FileOutputStream.java:235)
	at org.apache.spark.storage.DiskBlockObjectWriter.initialize(DiskBlockObjectWriter.scala:148)
	at org.apache.spark.storage.DiskBlockObjectWriter.open(DiskBlockObjectWriter.scala:168)
	at org.apache.spark.storage.DiskBlockObjectWriter.write(DiskBlockObjectWriter.scala:333)
	at org.apache.spark.shuffle.sort.BypassMergeSortShuffleWriter.write(BypassMergeSortShuffleWriter.java:174)
	at org.apache.spark.shuffle.ShuffleWriteProcessor.write(ShuffleWriteProcessor.scala:57)
	at org.apache.spark.scheduler.ShuffleMapTask.runTask(ShuffleMapTask.scala:111)
	at org.apache.spark.scheduler.ShuffleMapTask.runTask(ShuffleMapTask.scala:54)
	at org.apache.spark.TaskContext.runTaskWithListeners(TaskContext.scala:171)
	at org.apache.spark.scheduler.Task.run(Task.scala:147)
	at org.apache.spark.executor.Executor$TaskRunner.$anonfun$run$5(Executor.scala:647)
	at org.apache.spark.util.SparkErrorUtils.tryWithSafeFinally(SparkErrorUtils.scala:80)
	at org.apache.spark.util.SparkErrorUtils.tryWithSafeFinally$(SparkErrorUtils.scala:77)
	at org.apache.spark.util.Utils$.tryWithSafeFinally(Utils.scala:99)
	at org.apache.spark.executor.Executor$TaskRunner.run(Executor.scala:650)
	at java.base/java.util.concurrent.ThreadPoolExecutor.runWorker(ThreadPoolExecutor.java:1136)
	at java.base/java.util.concurrent.ThreadPoolExecutor$Worker.run(ThreadPoolExecutor.java:635)
	at java.base/java.lang.Thread.run(Thread.java:840)
26/01/22 16:59:15 ERROR Executor: Exception in task 59.0 in stage 44.0 (TID 1590)
java.io.FileNotFoundException: /storage/home/roqaya/NovaAD_Plus/src/tmp/spark-spill/blockmgr-df92e9ff-e7c7-4d78-b1a5-2849326a78a1/21/temp_shuffle_bbecb426-d915-49a1-a056-9d77890b4a03 (No such file or directory)
	at java.base/java.io.FileOutputStream.open0(Native Method)
	at java.base/java.io.FileOutputStream.open(FileOutputStream.java:293)
	at java.base/java.io.FileOutputStream.<init>(FileOutputStream.java:235)
	at org.apache.spark.storage.DiskBlockObjectWriter.initialize(DiskBlockObjectWriter.scala:148)
	at org.apache.spark.storage.DiskBlockObjectWriter.open(DiskBlockObjectWriter.scala:168)
	at org.apache.spark.storage.DiskBlockObjectWriter.write(DiskBlockObjectWriter.scala:333)
	at org.apache.spark.shuffle.sort.BypassMergeSortShuffleWriter.write(BypassMergeSortShuffleWriter.java:174)
	at org.apache.spark.shuffle.ShuffleWriteProcessor.write(ShuffleWriteProcessor.scala:57)
	at org.apache.spark.scheduler.ShuffleMapTask.runTask(ShuffleMapTask.scala:111)
	at org.apache.spark.scheduler.ShuffleMapTask.runTask(ShuffleMapTask.scala:54)
	at org.apache.spark.TaskContext.runTaskWithListeners(TaskContext.scala:171)
	at org.apache.spark.scheduler.Task.run(Task.scala:147)
	at org.apache.spark.executor.Executor$TaskRunner.$anonfun$run$5(Executor.scala:647)
	at org.apache.spark.util.SparkErrorUtils.tryWithSafeFinally(SparkErrorUtils.scala:80)
	at org.apache.spark.util.SparkErrorUtils.tryWithSafeFinally$(SparkErrorUtils.scala:77)
	at org.apache.spark.util.Utils$.tryWithSafeFinally(Utils.scala:99)
	at org.apache.spark.executor.Executor$TaskRunner.run(Executor.scala:650)
	at java.base/java.util.concurrent.ThreadPoolExecutor.runWorker(ThreadPoolExecutor.java:1136)
	at java.base/java.util.concurrent.ThreadPoolExecutor$Worker.run(ThreadPoolExecutor.java:635)
	at java.base/java.lang.Thread.run(Thread.java:840)
26/01/22 16:59:15 WARN TaskSetManager: Lost task 25.0 in stage 44.0 (TID 1556) (pc12830.Mathematik.Uni-Marburg.DE executor driver): java.io.FileNotFoundException: /storage/home/roqaya/NovaAD_Plus/src/tmp/spark-spill/blockmgr-df92e9ff-e7c7-4d78-b1a5-2849326a78a1/2a/temp_shuffle_93ef5a1e-0ca6-4e0c-8232-8465422d88b2 (No such file or directory)
	at java.base/java.io.FileOutputStream.open0(Native Method)
	at java.base/java.io.FileOutputStream.open(FileOutputStream.java:293)
	at java.base/java.io.FileOutputStream.<init>(FileOutputStream.java:235)
	at org.apache.spark.storage.DiskBlockObjectWriter.initialize(DiskBlockObjectWriter.scala:148)
	at org.apache.spark.storage.DiskBlockObjectWriter.open(DiskBlockObjectWriter.scala:168)
	at org.apache.spark.storage.DiskBlockObjectWriter.write(DiskBlockObjectWriter.scala:333)
	at org.apache.spark.shuffle.sort.BypassMergeSortShuffleWriter.write(BypassMergeSortShuffleWriter.java:174)
	at org.apache.spark.shuffle.ShuffleWriteProcessor.write(ShuffleWriteProcessor.scala:57)
	at org.apache.spark.scheduler.ShuffleMapTask.runTask(ShuffleMapTask.scala:111)
	at org.apache.spark.scheduler.ShuffleMapTask.runTask(ShuffleMapTask.scala:54)
	at org.apache.spark.TaskContext.runTaskWithListeners(TaskContext.scala:171)
	at org.apache.spark.scheduler.Task.run(Task.scala:147)
	at org.apache.spark.executor.Executor$TaskRunner.$anonfun$run$5(Executor.scala:647)
	at org.apache.spark.util.SparkErrorUtils.tryWithSafeFinally(SparkErrorUtils.scala:80)
	at org.apache.spark.util.SparkErrorUtils.tryWithSafeFinally$(SparkErrorUtils.scala:77)
	at org.apache.spark.util.Utils$.tryWithSafeFinally(Utils.scala:99)
	at org.apache.spark.executor.Executor$TaskRunner.run(Executor.scala:650)
	at java.base/java.util.concurrent.ThreadPoolExecutor.runWorker(ThreadPoolExecutor.java:1136)
	at java.base/java.util.concurrent.ThreadPoolExecutor$Worker.run(ThreadPoolExecutor.java:635)
	at java.base/java.lang.Thread.run(Thread.java:840)

26/01/22 16:59:15 ERROR TaskSetManager: Task 25 in stage 44.0 failed 1 times; aborting job
26/01/22 16:59:15 WARN TaskSetManager: Lost task 45.0 in stage 44.0 (TID 1576) (pc12830.Mathematik.Uni-Marburg.DE executor driver): java.io.FileNotFoundException: /storage/home/roqaya/NovaAD_Plus/src/tmp/spark-spill/blockmgr-df92e9ff-e7c7-4d78-b1a5-2849326a78a1/10/temp_shuffle_5ce02284-332f-4d93-ac23-12745e8f7563 (No such file or directory)
	at java.base/java.io.FileOutputStream.open0(Native Method)
	at java.base/java.io.FileOutputStream.open(FileOutputStream.java:293)
	at java.base/java.io.FileOutputStream.<init>(FileOutputStream.java:235)
	at org.apache.spark.storage.DiskBlockObjectWriter.initialize(DiskBlockObjectWriter.scala:148)
	at org.apache.spark.storage.DiskBlockObjectWriter.open(DiskBlockObjectWriter.scala:168)
	at org.apache.spark.storage.DiskBlockObjectWriter.write(DiskBlockObjectWriter.scala:333)
	at org.apache.spark.shuffle.sort.BypassMergeSortShuffleWriter.write(BypassMergeSortShuffleWriter.java:174)
	at org.apache.spark.shuffle.ShuffleWriteProcessor.write(ShuffleWriteProcessor.scala:57)
	at org.apache.spark.scheduler.ShuffleMapTask.runTask(ShuffleMapTask.scala:111)
	at org.apache.spark.scheduler.ShuffleMapTask.runTask(ShuffleMapTask.scala:54)
	at org.apache.spark.TaskContext.runTaskWithListeners(TaskContext.scala:171)
	at org.apache.spark.scheduler.Task.run(Task.scala:147)
	at org.apache.spark.executor.Executor$TaskRunner.$anonfun$run$5(Executor.scala:647)
	at org.apache.spark.util.SparkErrorUtils.tryWithSafeFinally(SparkErrorUtils.scala:80)
	at org.apache.spark.util.SparkErrorUtils.tryWithSafeFinally$(SparkErrorUtils.scala:77)
	at org.apache.spark.util.Utils$.tryWithSafeFinally(Utils.scala:99)
	at org.apache.spark.executor.Executor$TaskRunner.run(Executor.scala:650)
	at java.base/java.util.concurrent.ThreadPoolExecutor.runWorker(ThreadPoolExecutor.java:1136)
	at java.base/java.util.concurrent.ThreadPoolExecutor$Worker.run(ThreadPoolExecutor.java:635)
	at java.base/java.lang.Thread.run(Thread.java:840)

26/01/22 16:59:15 WARN TaskSetManager: Lost task 29.0 in stage 44.0 (TID 1560) (pc12830.Mathematik.Uni-Marburg.DE executor driver): java.io.FileNotFoundException: /storage/home/roqaya/NovaAD_Plus/src/tmp/spark-spill/blockmgr-df92e9ff-e7c7-4d78-b1a5-2849326a78a1/0e/temp_shuffle_a5a7e281-6d43-4170-a110-1962faa1d5c6 (No such file or directory)
	at java.base/java.io.FileOutputStream.open0(Native Method)
	at java.base/java.io.FileOutputStream.open(FileOutputStream.java:293)
	at java.base/java.io.FileOutputStream.<init>(FileOutputStream.java:235)
	at org.apache.spark.storage.DiskBlockObjectWriter.initialize(DiskBlockObjectWriter.scala:148)
	at org.apache.spark.storage.DiskBlockObjectWriter.open(DiskBlockObjectWriter.scala:168)
	at org.apache.spark.storage.DiskBlockObjectWriter.write(DiskBlockObjectWriter.scala:333)
	at org.apache.spark.shuffle.sort.BypassMergeSortShuffleWriter.write(BypassMergeSortShuffleWriter.java:174)
	at org.apache.spark.shuffle.ShuffleWriteProcessor.write(ShuffleWriteProcessor.scala:57)
	at org.apache.spark.scheduler.ShuffleMapTask.runTask(ShuffleMapTask.scala:111)
	at org.apache.spark.scheduler.ShuffleMapTask.runTask(ShuffleMapTask.scala:54)
	at org.apache.spark.TaskContext.runTaskWithListeners(TaskContext.scala:171)
	at org.apache.spark.scheduler.Task.run(Task.scala:147)
	at org.apache.spark.executor.Executor$TaskRunner.$anonfun$run$5(Executor.scala:647)
	at org.apache.spark.util.SparkErrorUtils.tryWithSafeFinally(SparkErrorUtils.scala:80)
	at org.apache.spark.util.SparkErrorUtils.tryWithSafeFinally$(SparkErrorUtils.scala:77)
	at org.apache.spark.util.Utils$.tryWithSafeFinally(Utils.scala:99)
	at org.apache.spark.executor.Executor$TaskRunner.run(Executor.scala:650)
	at java.base/java.util.concurrent.ThreadPoolExecutor.runWorker(ThreadPoolExecutor.java:1136)
	at java.base/java.util.concurrent.ThreadPoolExecutor$Worker.run(ThreadPoolExecutor.java:635)
	at java.base/java.lang.Thread.run(Thread.java:840)

26/01/22 16:59:15 WARN TaskSetManager: Lost task 60.0 in stage 44.0 (TID 1591) (pc12830.Mathematik.Uni-Marburg.DE executor driver): java.io.FileNotFoundException: /storage/home/roqaya/NovaAD_Plus/src/tmp/spark-spill/blockmgr-df92e9ff-e7c7-4d78-b1a5-2849326a78a1/0e/temp_shuffle_a49f689d-30e4-429f-8d3b-b5458174ec48 (No such file or directory)
	at java.base/java.io.FileOutputStream.open0(Native Method)
	at java.base/java.io.FileOutputStream.open(FileOutputStream.java:293)
	at java.base/java.io.FileOutputStream.<init>(FileOutputStream.java:235)
	at org.apache.spark.storage.DiskBlockObjectWriter.initialize(DiskBlockObjectWriter.scala:148)
	at org.apache.spark.storage.DiskBlockObjectWriter.open(DiskBlockObjectWriter.scala:168)
	at org.apache.spark.storage.DiskBlockObjectWriter.write(DiskBlockObjectWriter.scala:333)
	at org.apache.spark.shuffle.sort.BypassMergeSortShuffleWriter.write(BypassMergeSortShuffleWriter.java:174)
	at org.apache.spark.shuffle.ShuffleWriteProcessor.write(ShuffleWriteProcessor.scala:57)
	at org.apache.spark.scheduler.ShuffleMapTask.runTask(ShuffleMapTask.scala:111)
	at org.apache.spark.scheduler.ShuffleMapTask.runTask(ShuffleMapTask.scala:54)
	at org.apache.spark.TaskContext.runTaskWithListeners(TaskContext.scala:171)
	at org.apache.spark.scheduler.Task.run(Task.scala:147)
	at org.apache.spark.executor.Executor$TaskRunner.$anonfun$run$5(Executor.scala:647)
	at org.apache.spark.util.SparkErrorUtils.tryWithSafeFinally(SparkErrorUtils.scala:80)
	at org.apache.spark.util.SparkErrorUtils.tryWithSafeFinally$(SparkErrorUtils.scala:77)
	at org.apache.spark.util.Utils$.tryWithSafeFinally(Utils.scala:99)
	at org.apache.spark.executor.Executor$TaskRunner.run(Executor.scala:650)
	at java.base/java.util.concurrent.ThreadPoolExecutor.runWorker(ThreadPoolExecutor.java:1136)
	at java.base/java.util.concurrent.ThreadPoolExecutor$Worker.run(ThreadPoolExecutor.java:635)
	at java.base/java.lang.Thread.run(Thread.java:840)

26/01/22 16:59:15 WARN TaskSetManager: Lost task 61.0 in stage 44.0 (TID 1592) (pc12830.Mathematik.Uni-Marburg.DE executor driver): java.io.FileNotFoundException: /storage/home/roqaya/NovaAD_Plus/src/tmp/spark-spill/blockmgr-df92e9ff-e7c7-4d78-b1a5-2849326a78a1/13/temp_shuffle_c5cb377c-65c5-4875-9883-2b704ba762cd (No such file or directory)
	at java.base/java.io.FileOutputStream.open0(Native Method)
	at java.base/java.io.FileOutputStream.open(FileOutputStream.java:293)
	at java.base/java.io.FileOutputStream.<init>(FileOutputStream.java:235)
	at org.apache.spark.storage.DiskBlockObjectWriter.initialize(DiskBlockObjectWriter.scala:148)
	at org.apache.spark.storage.DiskBlockObjectWriter.open(DiskBlockObjectWriter.scala:168)
	at org.apache.spark.storage.DiskBlockObjectWriter.write(DiskBlockObjectWriter.scala:333)
	at org.apache.spark.shuffle.sort.BypassMergeSortShuffleWriter.write(BypassMergeSortShuffleWriter.java:174)
	at org.apache.spark.shuffle.ShuffleWriteProcessor.write(ShuffleWriteProcessor.scala:57)
	at org.apache.spark.scheduler.ShuffleMapTask.runTask(ShuffleMapTask.scala:111)
	at org.apache.spark.scheduler.ShuffleMapTask.runTask(ShuffleMapTask.scala:54)
	at org.apache.spark.TaskContext.runTaskWithListeners(TaskContext.scala:171)
	at org.apache.spark.scheduler.Task.run(Task.scala:147)
	at org.apache.spark.executor.Executor$TaskRunner.$anonfun$run$5(Executor.scala:647)
	at org.apache.spark.util.SparkErrorUtils.tryWithSafeFinally(SparkErrorUtils.scala:80)
	at org.apache.spark.util.SparkErrorUtils.tryWithSafeFinally$(SparkErrorUtils.scala:77)
	at org.apache.spark.util.Utils$.tryWithSafeFinally(Utils.scala:99)
	at org.apache.spark.executor.Executor$TaskRunner.run(Executor.scala:650)
	at java.base/java.util.concurrent.ThreadPoolExecutor.runWorker(ThreadPoolExecutor.java:1136)
	at java.base/java.util.concurrent.ThreadPoolExecutor$Worker.run(ThreadPoolExecutor.java:635)
	at java.base/java.lang.Thread.run(Thread.java:840)

26/01/22 16:59:15 WARN TaskSetManager: Lost task 32.0 in stage 44.0 (TID 1563) (pc12830.Mathematik.Uni-Marburg.DE executor driver): java.io.FileNotFoundException: /storage/home/roqaya/NovaAD_Plus/src/tmp/spark-spill/blockmgr-df92e9ff-e7c7-4d78-b1a5-2849326a78a1/1d/temp_shuffle_62d48d9b-37de-4ed6-8aad-0b013028ac34 (No such file or directory)
	at java.base/java.io.FileOutputStream.open0(Native Method)
	at java.base/java.io.FileOutputStream.open(FileOutputStream.java:293)
	at java.base/java.io.FileOutputStream.<init>(FileOutputStream.java:235)
	at org.apache.spark.storage.DiskBlockObjectWriter.initialize(DiskBlockObjectWriter.scala:148)
	at org.apache.spark.storage.DiskBlockObjectWriter.open(DiskBlockObjectWriter.scala:168)
	at org.apache.spark.storage.DiskBlockObjectWriter.write(DiskBlockObjectWriter.scala:333)
	at org.apache.spark.shuffle.sort.BypassMergeSortShuffleWriter.write(BypassMergeSortShuffleWriter.java:174)
	at org.apache.spark.shuffle.ShuffleWriteProcessor.write(ShuffleWriteProcessor.scala:57)
	at org.apache.spark.scheduler.ShuffleMapTask.runTask(ShuffleMapTask.scala:111)
	at org.apache.spark.scheduler.ShuffleMapTask.runTask(ShuffleMapTask.scala:54)
	at org.apache.spark.TaskContext.runTaskWithListeners(TaskContext.scala:171)
	at org.apache.spark.scheduler.Task.run(Task.scala:147)
	at org.apache.spark.executor.Executor$TaskRunner.$anonfun$run$5(Executor.scala:647)
	at org.apache.spark.util.SparkErrorUtils.tryWithSafeFinally(SparkErrorUtils.scala:80)
	at org.apache.spark.util.SparkErrorUtils.tryWithSafeFinally$(SparkErrorUtils.scala:77)
	at org.apache.spark.util.Utils$.tryWithSafeFinally(Utils.scala:99)
	at org.apache.spark.executor.Executor$TaskRunner.run(Executor.scala:650)
	at java.base/java.util.concurrent.ThreadPoolExecutor.runWorker(ThreadPoolExecutor.java:1136)
	at java.base/java.util.concurrent.ThreadPoolExecutor$Worker.run(ThreadPoolExecutor.java:635)
	at java.base/java.lang.Thread.run(Thread.java:840)

26/01/22 16:59:15 WARN TaskSetManager: Lost task 57.0 in stage 44.0 (TID 1588) (pc12830.Mathematik.Uni-Marburg.DE executor driver): java.io.FileNotFoundException: /storage/home/roqaya/NovaAD_Plus/src/tmp/spark-spill/blockmgr-df92e9ff-e7c7-4d78-b1a5-2849326a78a1/0b/temp_shuffle_d70b5689-bcb7-4db5-85b7-a62e27ccebd2 (No such file or directory)
	at java.base/java.io.FileOutputStream.open0(Native Method)
	at java.base/java.io.FileOutputStream.open(FileOutputStream.java:293)
	at java.base/java.io.FileOutputStream.<init>(FileOutputStream.java:235)
	at org.apache.spark.storage.DiskBlockObjectWriter.initialize(DiskBlockObjectWriter.scala:148)
	at org.apache.spark.storage.DiskBlockObjectWriter.open(DiskBlockObjectWriter.scala:168)
	at org.apache.spark.storage.DiskBlockObjectWriter.write(DiskBlockObjectWriter.scala:333)
	at org.apache.spark.shuffle.sort.BypassMergeSortShuffleWriter.write(BypassMergeSortShuffleWriter.java:174)
	at org.apache.spark.shuffle.ShuffleWriteProcessor.write(ShuffleWriteProcessor.scala:57)
	at org.apache.spark.scheduler.ShuffleMapTask.runTask(ShuffleMapTask.scala:111)
	at org.apache.spark.scheduler.ShuffleMapTask.runTask(ShuffleMapTask.scala:54)
	at org.apache.spark.TaskContext.runTaskWithListeners(TaskContext.scala:171)
	at org.apache.spark.scheduler.Task.run(Task.scala:147)
	at org.apache.spark.executor.Executor$TaskRunner.$anonfun$run$5(Executor.scala:647)
	at org.apache.spark.util.SparkErrorUtils.tryWithSafeFinally(SparkErrorUtils.scala:80)
	at org.apache.spark.util.SparkErrorUtils.tryWithSafeFinally$(SparkErrorUtils.scala:77)
	at org.apache.spark.util.Utils$.tryWithSafeFinally(Utils.scala:99)
	at org.apache.spark.executor.Executor$TaskRunner.run(Executor.scala:650)
	at java.base/java.util.concurrent.ThreadPoolExecutor.runWorker(ThreadPoolExecutor.java:1136)
	at java.base/java.util.concurrent.ThreadPoolExecutor$Worker.run(ThreadPoolExecutor.java:635)
	at java.base/java.lang.Thread.run(Thread.java:840)

26/01/22 16:59:15 WARN TaskSetManager: Lost task 28.0 in stage 44.0 (TID 1559) (pc12830.Mathematik.Uni-Marburg.DE executor driver): java.io.FileNotFoundException: /storage/home/roqaya/NovaAD_Plus/src/tmp/spark-spill/blockmgr-df92e9ff-e7c7-4d78-b1a5-2849326a78a1/1e/temp_shuffle_5f447dd0-d500-4ef3-bd30-468cbf21ff16 (No such file or directory)
	at java.base/java.io.FileOutputStream.open0(Native Method)
	at java.base/java.io.FileOutputStream.open(FileOutputStream.java:293)
	at java.base/java.io.FileOutputStream.<init>(FileOutputStream.java:235)
	at org.apache.spark.storage.DiskBlockObjectWriter.initialize(DiskBlockObjectWriter.scala:148)
	at org.apache.spark.storage.DiskBlockObjectWriter.open(DiskBlockObjectWriter.scala:168)
	at org.apache.spark.storage.DiskBlockObjectWriter.write(DiskBlockObjectWriter.scala:333)
	at org.apache.spark.shuffle.sort.BypassMergeSortShuffleWriter.write(BypassMergeSortShuffleWriter.java:174)
	at org.apache.spark.shuffle.ShuffleWriteProcessor.write(ShuffleWriteProcessor.scala:57)
	at org.apache.spark.scheduler.ShuffleMapTask.runTask(ShuffleMapTask.scala:111)
	at org.apache.spark.scheduler.ShuffleMapTask.runTask(ShuffleMapTask.scala:54)
	at org.apache.spark.TaskContext.runTaskWithListeners(TaskContext.scala:171)
	at org.apache.spark.scheduler.Task.run(Task.scala:147)
	at org.apache.spark.executor.Executor$TaskRunner.$anonfun$run$5(Executor.scala:647)
	at org.apache.spark.util.SparkErrorUtils.tryWithSafeFinally(SparkErrorUtils.scala:80)
	at org.apache.spark.util.SparkErrorUtils.tryWithSafeFinally$(SparkErrorUtils.scala:77)
	at org.apache.spark.util.Utils$.tryWithSafeFinally(Utils.scala:99)
	at org.apache.spark.executor.Executor$TaskRunner.run(Executor.scala:650)
	at java.base/java.util.concurrent.ThreadPoolExecutor.runWorker(ThreadPoolExecutor.java:1136)
	at java.base/java.util.concurrent.ThreadPoolExecutor$Worker.run(ThreadPoolExecutor.java:635)
	at java.base/java.lang.Thread.run(Thread.java:840)

26/01/22 16:59:15 WARN TaskSetManager: Lost task 3.0 in stage 44.0 (TID 1534) (pc12830.Mathematik.Uni-Marburg.DE executor driver): java.io.FileNotFoundException: /storage/home/roqaya/NovaAD_Plus/src/tmp/spark-spill/blockmgr-df92e9ff-e7c7-4d78-b1a5-2849326a78a1/0e/temp_shuffle_5a0c2b3b-165c-4a44-b90f-338b4ff01a84 (No such file or directory)
	at java.base/java.io.FileOutputStream.open0(Native Method)
	at java.base/java.io.FileOutputStream.open(FileOutputStream.java:293)
	at java.base/java.io.FileOutputStream.<init>(FileOutputStream.java:235)
	at org.apache.spark.storage.DiskBlockObjectWriter.initialize(DiskBlockObjectWriter.scala:148)
	at org.apache.spark.storage.DiskBlockObjectWriter.open(DiskBlockObjectWriter.scala:168)
	at org.apache.spark.storage.DiskBlockObjectWriter.write(DiskBlockObjectWriter.scala:333)
	at org.apache.spark.shuffle.sort.BypassMergeSortShuffleWriter.write(BypassMergeSortShuffleWriter.java:174)
	at org.apache.spark.shuffle.ShuffleWriteProcessor.write(ShuffleWriteProcessor.scala:57)
	at org.apache.spark.scheduler.ShuffleMapTask.runTask(ShuffleMapTask.scala:111)
	at org.apache.spark.scheduler.ShuffleMapTask.runTask(ShuffleMapTask.scala:54)
	at org.apache.spark.TaskContext.runTaskWithListeners(TaskContext.scala:171)
	at org.apache.spark.scheduler.Task.run(Task.scala:147)
	at org.apache.spark.executor.Executor$TaskRunner.$anonfun$run$5(Executor.scala:647)
	at org.apache.spark.util.SparkErrorUtils.tryWithSafeFinally(SparkErrorUtils.scala:80)
	at org.apache.spark.util.SparkErrorUtils.tryWithSafeFinally$(SparkErrorUtils.scala:77)
	at org.apache.spark.util.Utils$.tryWithSafeFinally(Utils.scala:99)
	at org.apache.spark.executor.Executor$TaskRunner.run(Executor.scala:650)
	at java.base/java.util.concurrent.ThreadPoolExecutor.runWorker(ThreadPoolExecutor.java:1136)
	at java.base/java.util.concurrent.ThreadPoolExecutor$Worker.run(ThreadPoolExecutor.java:635)
	at java.base/java.lang.Thread.run(Thread.java:840)

26/01/22 16:59:15 WARN TaskSetManager: Lost task 51.0 in stage 44.0 (TID 1582) (pc12830.Mathematik.Uni-Marburg.DE executor driver): java.io.FileNotFoundException: /storage/home/roqaya/NovaAD_Plus/src/tmp/spark-spill/blockmgr-df92e9ff-e7c7-4d78-b1a5-2849326a78a1/0b/temp_shuffle_9a4a7af9-286b-491a-bf59-df5f3ec8cbe9 (No such file or directory)
	at java.base/java.io.FileOutputStream.open0(Native Method)
	at java.base/java.io.FileOutputStream.open(FileOutputStream.java:293)
	at java.base/java.io.FileOutputStream.<init>(FileOutputStream.java:235)
	at org.apache.spark.storage.DiskBlockObjectWriter.initialize(DiskBlockObjectWriter.scala:148)
	at org.apache.spark.storage.DiskBlockObjectWriter.open(DiskBlockObjectWriter.scala:168)
	at org.apache.spark.storage.DiskBlockObjectWriter.write(DiskBlockObjectWriter.scala:333)
	at org.apache.spark.shuffle.sort.BypassMergeSortShuffleWriter.write(BypassMergeSortShuffleWriter.java:174)
	at org.apache.spark.shuffle.ShuffleWriteProcessor.write(ShuffleWriteProcessor.scala:57)
	at org.apache.spark.scheduler.ShuffleMapTask.runTask(ShuffleMapTask.scala:111)
	at org.apache.spark.scheduler.ShuffleMapTask.runTask(ShuffleMapTask.scala:54)
	at org.apache.spark.TaskContext.runTaskWithListeners(TaskContext.scala:171)
	at org.apache.spark.scheduler.Task.run(Task.scala:147)
	at org.apache.spark.executor.Executor$TaskRunner.$anonfun$run$5(Executor.scala:647)
	at org.apache.spark.util.SparkErrorUtils.tryWithSafeFinally(SparkErrorUtils.scala:80)
	at org.apache.spark.util.SparkErrorUtils.tryWithSafeFinally$(SparkErrorUtils.scala:77)
	at org.apache.spark.util.Utils$.tryWithSafeFinally(Utils.scala:99)
	at org.apache.spark.executor.Executor$TaskRunner.run(Executor.scala:650)
	at java.base/java.util.concurrent.ThreadPoolExecutor.runWorker(ThreadPoolExecutor.java:1136)
	at java.base/java.util.concurrent.ThreadPoolExecutor$Worker.run(ThreadPoolExecutor.java:635)
	at java.base/java.lang.Thread.run(Thread.java:840)

26/01/22 16:59:15 WARN DiskBlockObjectWriter: Error deleting /storage/home/roqaya/NovaAD_Plus/src/tmp/spark-spill/blockmgr-df92e9ff-e7c7-4d78-b1a5-2849326a78a1/14/temp_shuffle_4375286f-b1ea-45cc-acb2-599079964f99
26/01/22 16:59:15 WARN DiskBlockObjectWriter: Error deleting /storage/home/roqaya/NovaAD_Plus/src/tmp/spark-spill/blockmgr-df92e9ff-e7c7-4d78-b1a5-2849326a78a1/08/temp_shuffle_971285ff-dcef-4729-9783-e278cef95150
26/01/22 16:59:15 WARN DiskBlockObjectWriter: Error deleting /storage/home/roqaya/NovaAD_Plus/src/tmp/spark-spill/blockmgr-df92e9ff-e7c7-4d78-b1a5-2849326a78a1/36/temp_shuffle_2331b34d-b22d-4f59-b67a-ab84e58a4690
26/01/22 16:59:15 ERROR Executor: Exception in task 66.0 in stage 44.0 (TID 1597)
java.io.FileNotFoundException: /storage/home/roqaya/NovaAD_Plus/src/tmp/spark-spill/blockmgr-df92e9ff-e7c7-4d78-b1a5-2849326a78a1/08/temp_shuffle_971285ff-dcef-4729-9783-e278cef95150 (No such file or directory)
	at java.base/java.io.FileOutputStream.open0(Native Method)
	at java.base/java.io.FileOutputStream.open(FileOutputStream.java:293)
	at java.base/java.io.FileOutputStream.<init>(FileOutputStream.java:235)
	at org.apache.spark.storage.DiskBlockObjectWriter.initialize(DiskBlockObjectWriter.scala:148)
	at org.apache.spark.storage.DiskBlockObjectWriter.open(DiskBlockObjectWriter.scala:168)
	at org.apache.spark.storage.DiskBlockObjectWriter.write(DiskBlockObjectWriter.scala:333)
	at org.apache.spark.shuffle.sort.BypassMergeSortShuffleWriter.write(BypassMergeSortShuffleWriter.java:174)
	at org.apache.spark.shuffle.ShuffleWriteProcessor.write(ShuffleWriteProcessor.scala:57)
	at org.apache.spark.scheduler.ShuffleMapTask.runTask(ShuffleMapTask.scala:111)
	at org.apache.spark.scheduler.ShuffleMapTask.runTask(ShuffleMapTask.scala:54)
	at org.apache.spark.TaskContext.runTaskWithListeners(TaskContext.scala:171)
	at org.apache.spark.scheduler.Task.run(Task.scala:147)
	at org.apache.spark.executor.Executor$TaskRunner.$anonfun$run$5(Executor.scala:647)
	at org.apache.spark.util.SparkErrorUtils.tryWithSafeFinally(SparkErrorUtils.scala:80)
	at org.apache.spark.util.SparkErrorUtils.tryWithSafeFinally$(SparkErrorUtils.scala:77)
	at org.apache.spark.util.Utils$.tryWithSafeFinally(Utils.scala:99)
	at org.apache.spark.executor.Executor$TaskRunner.run(Executor.scala:650)
	at java.base/java.util.concurrent.ThreadPoolExecutor.runWorker(ThreadPoolExecutor.java:1136)
	at java.base/java.util.concurrent.ThreadPoolExecutor$Worker.run(ThreadPoolExecutor.java:635)
	at java.base/java.lang.Thread.run(Thread.java:840)
26/01/22 16:59:15 ERROR Executor: Exception in task 68.0 in stage 44.0 (TID 1599)
java.io.FileNotFoundException: /storage/home/roqaya/NovaAD_Plus/src/tmp/spark-spill/blockmgr-df92e9ff-e7c7-4d78-b1a5-2849326a78a1/14/temp_shuffle_4375286f-b1ea-45cc-acb2-599079964f99 (No such file or directory)
	at java.base/java.io.FileOutputStream.open0(Native Method)
	at java.base/java.io.FileOutputStream.open(FileOutputStream.java:293)
	at java.base/java.io.FileOutputStream.<init>(FileOutputStream.java:235)
	at org.apache.spark.storage.DiskBlockObjectWriter.initialize(DiskBlockObjectWriter.scala:148)
	at org.apache.spark.storage.DiskBlockObjectWriter.open(DiskBlockObjectWriter.scala:168)
	at org.apache.spark.storage.DiskBlockObjectWriter.write(DiskBlockObjectWriter.scala:333)
	at org.apache.spark.shuffle.sort.BypassMergeSortShuffleWriter.write(BypassMergeSortShuffleWriter.java:174)
	at org.apache.spark.shuffle.ShuffleWriteProcessor.write(ShuffleWriteProcessor.scala:57)
	at org.apache.spark.scheduler.ShuffleMapTask.runTask(ShuffleMapTask.scala:111)
	at org.apache.spark.scheduler.ShuffleMapTask.runTask(ShuffleMapTask.scala:54)
	at org.apache.spark.TaskContext.runTaskWithListeners(TaskContext.scala:171)
	at org.apache.spark.scheduler.Task.run(Task.scala:147)
	at org.apache.spark.executor.Executor$TaskRunner.$anonfun$run$5(Executor.scala:647)
	at org.apache.spark.util.SparkErrorUtils.tryWithSafeFinally(SparkErrorUtils.scala:80)
	at org.apache.spark.util.SparkErrorUtils.tryWithSafeFinally$(SparkErrorUtils.scala:77)
	at org.apache.spark.util.Utils$.tryWithSafeFinally(Utils.scala:99)
	at org.apache.spark.executor.Executor$TaskRunner.run(Executor.scala:650)
	at java.base/java.util.concurrent.ThreadPoolExecutor.runWorker(ThreadPoolExecutor.java:1136)
	at java.base/java.util.concurrent.ThreadPoolExecutor$Worker.run(ThreadPoolExecutor.java:635)
	at java.base/java.lang.Thread.run(Thread.java:840)
26/01/22 16:59:15 WARN DiskBlockObjectWriter: Error deleting /storage/home/roqaya/NovaAD_Plus/src/tmp/spark-spill/blockmgr-df92e9ff-e7c7-4d78-b1a5-2849326a78a1/17/temp_shuffle_9e981be5-003c-4431-a578-a98320ebec18
26/01/22 16:59:15 ERROR Executor: Exception in task 67.0 in stage 44.0 (TID 1598)
java.io.FileNotFoundException: /storage/home/roqaya/NovaAD_Plus/src/tmp/spark-spill/blockmgr-df92e9ff-e7c7-4d78-b1a5-2849326a78a1/36/temp_shuffle_2331b34d-b22d-4f59-b67a-ab84e58a4690 (No such file or directory)
	at java.base/java.io.FileOutputStream.open0(Native Method)
	at java.base/java.io.FileOutputStream.open(FileOutputStream.java:293)
	at java.base/java.io.FileOutputStream.<init>(FileOutputStream.java:235)
	at org.apache.spark.storage.DiskBlockObjectWriter.initialize(DiskBlockObjectWriter.scala:148)
	at org.apache.spark.storage.DiskBlockObjectWriter.open(DiskBlockObjectWriter.scala:168)
	at org.apache.spark.storage.DiskBlockObjectWriter.write(DiskBlockObjectWriter.scala:333)
	at org.apache.spark.shuffle.sort.BypassMergeSortShuffleWriter.write(BypassMergeSortShuffleWriter.java:174)
	at org.apache.spark.shuffle.ShuffleWriteProcessor.write(ShuffleWriteProcessor.scala:57)
	at org.apache.spark.scheduler.ShuffleMapTask.runTask(ShuffleMapTask.scala:111)
	at org.apache.spark.scheduler.ShuffleMapTask.runTask(ShuffleMapTask.scala:54)
	at org.apache.spark.TaskContext.runTaskWithListeners(TaskContext.scala:171)
	at org.apache.spark.scheduler.Task.run(Task.scala:147)
	at org.apache.spark.executor.Executor$TaskRunner.$anonfun$run$5(Executor.scala:647)
	at org.apache.spark.util.SparkErrorUtils.tryWithSafeFinally(SparkErrorUtils.scala:80)
	at org.apache.spark.util.SparkErrorUtils.tryWithSafeFinally$(SparkErrorUtils.scala:77)
	at org.apache.spark.util.Utils$.tryWithSafeFinally(Utils.scala:99)
	at org.apache.spark.executor.Executor$TaskRunner.run(Executor.scala:650)
	at java.base/java.util.concurrent.ThreadPoolExecutor.runWorker(ThreadPoolExecutor.java:1136)
	at java.base/java.util.concurrent.ThreadPoolExecutor$Worker.run(ThreadPoolExecutor.java:635)
	at java.base/java.lang.Thread.run(Thread.java:840)
26/01/22 16:59:15 WARN TaskSetManager: Lost task 11.0 in stage 44.0 (TID 1542) (pc12830.Mathematik.Uni-Marburg.DE executor driver): java.io.FileNotFoundException: /storage/home/roqaya/NovaAD_Plus/src/tmp/spark-spill/blockmgr-df92e9ff-e7c7-4d78-b1a5-2849326a78a1/23/temp_shuffle_c567c265-bffe-418a-8d76-514abbdc8fcf (No such file or directory)
	at java.base/java.io.FileOutputStream.open0(Native Method)
	at java.base/java.io.FileOutputStream.open(FileOutputStream.java:293)
	at java.base/java.io.FileOutputStream.<init>(FileOutputStream.java:235)
	at org.apache.spark.storage.DiskBlockObjectWriter.initialize(DiskBlockObjectWriter.scala:148)
	at org.apache.spark.storage.DiskBlockObjectWriter.open(DiskBlockObjectWriter.scala:168)
	at org.apache.spark.storage.DiskBlockObjectWriter.write(DiskBlockObjectWriter.scala:333)
	at org.apache.spark.shuffle.sort.BypassMergeSortShuffleWriter.write(BypassMergeSortShuffleWriter.java:174)
	at org.apache.spark.shuffle.ShuffleWriteProcessor.write(ShuffleWriteProcessor.scala:57)
	at org.apache.spark.scheduler.ShuffleMapTask.runTask(ShuffleMapTask.scala:111)
	at org.apache.spark.scheduler.ShuffleMapTask.runTask(ShuffleMapTask.scala:54)
	at org.apache.spark.TaskContext.runTaskWithListeners(TaskContext.scala:171)
	at org.apache.spark.scheduler.Task.run(Task.scala:147)
	at org.apache.spark.executor.Executor$TaskRunner.$anonfun$run$5(Executor.scala:647)
	at org.apache.spark.util.SparkErrorUtils.tryWithSafeFinally(SparkErrorUtils.scala:80)
	at org.apache.spark.util.SparkErrorUtils.tryWithSafeFinally$(SparkErrorUtils.scala:77)
	at org.apache.spark.util.Utils$.tryWithSafeFinally(Utils.scala:99)
	at org.apache.spark.executor.Executor$TaskRunner.run(Executor.scala:650)
	at java.base/java.util.concurrent.ThreadPoolExecutor.runWorker(ThreadPoolExecutor.java:1136)
	at java.base/java.util.concurrent.ThreadPoolExecutor$Worker.run(ThreadPoolExecutor.java:635)
	at java.base/java.lang.Thread.run(Thread.java:840)

26/01/22 16:59:15 ERROR Executor: Exception in task 65.0 in stage 44.0 (TID 1596)
java.io.FileNotFoundException: /storage/home/roqaya/NovaAD_Plus/src/tmp/spark-spill/blockmgr-df92e9ff-e7c7-4d78-b1a5-2849326a78a1/17/temp_shuffle_9e981be5-003c-4431-a578-a98320ebec18 (No such file or directory)
	at java.base/java.io.FileOutputStream.open0(Native Method)
	at java.base/java.io.FileOutputStream.open(FileOutputStream.java:293)
	at java.base/java.io.FileOutputStream.<init>(FileOutputStream.java:235)
	at org.apache.spark.storage.DiskBlockObjectWriter.initialize(DiskBlockObjectWriter.scala:148)
	at org.apache.spark.storage.DiskBlockObjectWriter.open(DiskBlockObjectWriter.scala:168)
	at org.apache.spark.storage.DiskBlockObjectWriter.write(DiskBlockObjectWriter.scala:333)
	at org.apache.spark.shuffle.sort.BypassMergeSortShuffleWriter.write(BypassMergeSortShuffleWriter.java:174)
	at org.apache.spark.shuffle.ShuffleWriteProcessor.write(ShuffleWriteProcessor.scala:57)
	at org.apache.spark.scheduler.ShuffleMapTask.runTask(ShuffleMapTask.scala:111)
	at org.apache.spark.scheduler.ShuffleMapTask.runTask(ShuffleMapTask.scala:54)
	at org.apache.spark.TaskContext.runTaskWithListeners(TaskContext.scala:171)
	at org.apache.spark.scheduler.Task.run(Task.scala:147)
	at org.apache.spark.executor.Executor$TaskRunner.$anonfun$run$5(Executor.scala:647)
	at org.apache.spark.util.SparkErrorUtils.tryWithSafeFinally(SparkErrorUtils.scala:80)
	at org.apache.spark.util.SparkErrorUtils.tryWithSafeFinally$(SparkErrorUtils.scala:77)
	at org.apache.spark.util.Utils$.tryWithSafeFinally(Utils.scala:99)
	at org.apache.spark.executor.Executor$TaskRunner.run(Executor.scala:650)
	at java.base/java.util.concurrent.ThreadPoolExecutor.runWorker(ThreadPoolExecutor.java:1136)
	at java.base/java.util.concurrent.ThreadPoolExecutor$Worker.run(ThreadPoolExecutor.java:635)
	at java.base/java.lang.Thread.run(Thread.java:840)
26/01/22 16:59:15 WARN TaskSetManager: Lost task 30.0 in stage 44.0 (TID 1561) (pc12830.Mathematik.Uni-Marburg.DE executor driver): java.io.FileNotFoundException: /storage/home/roqaya/NovaAD_Plus/src/tmp/spark-spill/blockmgr-df92e9ff-e7c7-4d78-b1a5-2849326a78a1/31/temp_shuffle_578382f0-14b8-446b-818a-b11e654a79eb (No such file or directory)
	at java.base/java.io.FileOutputStream.open0(Native Method)
	at java.base/java.io.FileOutputStream.open(FileOutputStream.java:293)
	at java.base/java.io.FileOutputStream.<init>(FileOutputStream.java:235)
	at org.apache.spark.storage.DiskBlockObjectWriter.initialize(DiskBlockObjectWriter.scala:148)
	at org.apache.spark.storage.DiskBlockObjectWriter.open(DiskBlockObjectWriter.scala:168)
	at org.apache.spark.storage.DiskBlockObjectWriter.write(DiskBlockObjectWriter.scala:333)
	at org.apache.spark.shuffle.sort.BypassMergeSortShuffleWriter.write(BypassMergeSortShuffleWriter.java:174)
	at org.apache.spark.shuffle.ShuffleWriteProcessor.write(ShuffleWriteProcessor.scala:57)
	at org.apache.spark.scheduler.ShuffleMapTask.runTask(ShuffleMapTask.scala:111)
	at org.apache.spark.scheduler.ShuffleMapTask.runTask(ShuffleMapTask.scala:54)
	at org.apache.spark.TaskContext.runTaskWithListeners(TaskContext.scala:171)
	at org.apache.spark.scheduler.Task.run(Task.scala:147)
	at org.apache.spark.executor.Executor$TaskRunner.$anonfun$run$5(Executor.scala:647)
	at org.apache.spark.util.SparkErrorUtils.tryWithSafeFinally(SparkErrorUtils.scala:80)
	at org.apache.spark.util.SparkErrorUtils.tryWithSafeFinally$(SparkErrorUtils.scala:77)
	at org.apache.spark.util.Utils$.tryWithSafeFinally(Utils.scala:99)
	at org.apache.spark.executor.Executor$TaskRunner.run(Executor.scala:650)
	at java.base/java.util.concurrent.ThreadPoolExecutor.runWorker(ThreadPoolExecutor.java:1136)
	at java.base/java.util.concurrent.ThreadPoolExecutor$Worker.run(ThreadPoolExecutor.java:635)
	at java.base/java.lang.Thread.run(Thread.java:840)

26/01/22 16:59:15 WARN TaskSetManager: Lost task 6.0 in stage 44.0 (TID 1537) (pc12830.Mathematik.Uni-Marburg.DE executor driver): java.io.FileNotFoundException: /storage/home/roqaya/NovaAD_Plus/src/tmp/spark-spill/blockmgr-df92e9ff-e7c7-4d78-b1a5-2849326a78a1/33/temp_shuffle_d85920dd-3a2f-4689-b15b-5bb38098beb1 (No such file or directory)
	at java.base/java.io.FileOutputStream.open0(Native Method)
	at java.base/java.io.FileOutputStream.open(FileOutputStream.java:293)
	at java.base/java.io.FileOutputStream.<init>(FileOutputStream.java:235)
	at org.apache.spark.storage.DiskBlockObjectWriter.initialize(DiskBlockObjectWriter.scala:148)
	at org.apache.spark.storage.DiskBlockObjectWriter.open(DiskBlockObjectWriter.scala:168)
	at org.apache.spark.storage.DiskBlockObjectWriter.write(DiskBlockObjectWriter.scala:333)
	at org.apache.spark.shuffle.sort.BypassMergeSortShuffleWriter.write(BypassMergeSortShuffleWriter.java:174)
	at org.apache.spark.shuffle.ShuffleWriteProcessor.write(ShuffleWriteProcessor.scala:57)
	at org.apache.spark.scheduler.ShuffleMapTask.runTask(ShuffleMapTask.scala:111)
	at org.apache.spark.scheduler.ShuffleMapTask.runTask(ShuffleMapTask.scala:54)
	at org.apache.spark.TaskContext.runTaskWithListeners(TaskContext.scala:171)
	at org.apache.spark.scheduler.Task.run(Task.scala:147)
	at org.apache.spark.executor.Executor$TaskRunner.$anonfun$run$5(Executor.scala:647)
	at org.apache.spark.util.SparkErrorUtils.tryWithSafeFinally(SparkErrorUtils.scala:80)
	at org.apache.spark.util.SparkErrorUtils.tryWithSafeFinally$(SparkErrorUtils.scala:77)
	at org.apache.spark.util.Utils$.tryWithSafeFinally(Utils.scala:99)
	at org.apache.spark.executor.Executor$TaskRunner.run(Executor.scala:650)
	at java.base/java.util.concurrent.ThreadPoolExecutor.runWorker(ThreadPoolExecutor.java:1136)
	at java.base/java.util.concurrent.ThreadPoolExecutor$Worker.run(ThreadPoolExecutor.java:635)
	at java.base/java.lang.Thread.run(Thread.java:840)

26/01/22 16:59:15 WARN TaskSetManager: Lost task 17.0 in stage 44.0 (TID 1548) (pc12830.Mathematik.Uni-Marburg.DE executor driver): java.io.FileNotFoundException: /storage/home/roqaya/NovaAD_Plus/src/tmp/spark-spill/blockmgr-df92e9ff-e7c7-4d78-b1a5-2849326a78a1/3b/temp_shuffle_6b02ba4a-76dd-4e2a-930d-f8e175355ac6 (No such file or directory)
	at java.base/java.io.FileOutputStream.open0(Native Method)
	at java.base/java.io.FileOutputStream.open(FileOutputStream.java:293)
	at java.base/java.io.FileOutputStream.<init>(FileOutputStream.java:235)
	at org.apache.spark.storage.DiskBlockObjectWriter.initialize(DiskBlockObjectWriter.scala:148)
	at org.apache.spark.storage.DiskBlockObjectWriter.open(DiskBlockObjectWriter.scala:168)
	at org.apache.spark.storage.DiskBlockObjectWriter.write(DiskBlockObjectWriter.scala:333)
	at org.apache.spark.shuffle.sort.BypassMergeSortShuffleWriter.write(BypassMergeSortShuffleWriter.java:174)
	at org.apache.spark.shuffle.ShuffleWriteProcessor.write(ShuffleWriteProcessor.scala:57)
	at org.apache.spark.scheduler.ShuffleMapTask.runTask(ShuffleMapTask.scala:111)
	at org.apache.spark.scheduler.ShuffleMapTask.runTask(ShuffleMapTask.scala:54)
	at org.apache.spark.TaskContext.runTaskWithListeners(TaskContext.scala:171)
	at org.apache.spark.scheduler.Task.run(Task.scala:147)
	at org.apache.spark.executor.Executor$TaskRunner.$anonfun$run$5(Executor.scala:647)
	at org.apache.spark.util.SparkErrorUtils.tryWithSafeFinally(SparkErrorUtils.scala:80)
	at org.apache.spark.util.SparkErrorUtils.tryWithSafeFinally$(SparkErrorUtils.scala:77)
	at org.apache.spark.util.Utils$.tryWithSafeFinally(Utils.scala:99)
	at org.apache.spark.executor.Executor$TaskRunner.run(Executor.scala:650)
	at java.base/java.util.concurrent.ThreadPoolExecutor.runWorker(ThreadPoolExecutor.java:1136)
	at java.base/java.util.concurrent.ThreadPoolExecutor$Worker.run(ThreadPoolExecutor.java:635)
	at java.base/java.lang.Thread.run(Thread.java:840)

26/01/22 16:59:15 WARN TaskSetManager: Lost task 31.0 in stage 44.0 (TID 1562) (pc12830.Mathematik.Uni-Marburg.DE executor driver): java.io.FileNotFoundException: /storage/home/roqaya/NovaAD_Plus/src/tmp/spark-spill/blockmgr-df92e9ff-e7c7-4d78-b1a5-2849326a78a1/2b/temp_shuffle_914edee2-10d1-4433-9fd6-42301d872c60 (No such file or directory)
	at java.base/java.io.FileOutputStream.open0(Native Method)
	at java.base/java.io.FileOutputStream.open(FileOutputStream.java:293)
	at java.base/java.io.FileOutputStream.<init>(FileOutputStream.java:235)
	at org.apache.spark.storage.DiskBlockObjectWriter.initialize(DiskBlockObjectWriter.scala:148)
	at org.apache.spark.storage.DiskBlockObjectWriter.open(DiskBlockObjectWriter.scala:168)
	at org.apache.spark.storage.DiskBlockObjectWriter.write(DiskBlockObjectWriter.scala:333)
	at org.apache.spark.shuffle.sort.BypassMergeSortShuffleWriter.write(BypassMergeSortShuffleWriter.java:174)
	at org.apache.spark.shuffle.ShuffleWriteProcessor.write(ShuffleWriteProcessor.scala:57)
	at org.apache.spark.scheduler.ShuffleMapTask.runTask(ShuffleMapTask.scala:111)
	at org.apache.spark.scheduler.ShuffleMapTask.runTask(ShuffleMapTask.scala:54)
	at org.apache.spark.TaskContext.runTaskWithListeners(TaskContext.scala:171)
	at org.apache.spark.scheduler.Task.run(Task.scala:147)
	at org.apache.spark.executor.Executor$TaskRunner.$anonfun$run$5(Executor.scala:647)
	at org.apache.spark.util.SparkErrorUtils.tryWithSafeFinally(SparkErrorUtils.scala:80)
	at org.apache.spark.util.SparkErrorUtils.tryWithSafeFinally$(SparkErrorUtils.scala:77)
	at org.apache.spark.util.Utils$.tryWithSafeFinally(Utils.scala:99)
	at org.apache.spark.executor.Executor$TaskRunner.run(Executor.scala:650)
	at java.base/java.util.concurrent.ThreadPoolExecutor.runWorker(ThreadPoolExecutor.java:1136)
	at java.base/java.util.concurrent.ThreadPoolExecutor$Worker.run(ThreadPoolExecutor.java:635)
	at java.base/java.lang.Thread.run(Thread.java:840)

26/01/22 16:59:15 WARN TaskSetManager: Lost task 35.0 in stage 44.0 (TID 1566) (pc12830.Mathematik.Uni-Marburg.DE executor driver): java.io.FileNotFoundException: /storage/home/roqaya/NovaAD_Plus/src/tmp/spark-spill/blockmgr-df92e9ff-e7c7-4d78-b1a5-2849326a78a1/1d/temp_shuffle_f919e48d-7fa1-41e9-be93-67115e8863c6 (No such file or directory)
	at java.base/java.io.FileOutputStream.open0(Native Method)
	at java.base/java.io.FileOutputStream.open(FileOutputStream.java:293)
	at java.base/java.io.FileOutputStream.<init>(FileOutputStream.java:235)
	at org.apache.spark.storage.DiskBlockObjectWriter.initialize(DiskBlockObjectWriter.scala:148)
	at org.apache.spark.storage.DiskBlockObjectWriter.open(DiskBlockObjectWriter.scala:168)
	at org.apache.spark.storage.DiskBlockObjectWriter.write(DiskBlockObjectWriter.scala:333)
	at org.apache.spark.shuffle.sort.BypassMergeSortShuffleWriter.write(BypassMergeSortShuffleWriter.java:174)
	at org.apache.spark.shuffle.ShuffleWriteProcessor.write(ShuffleWriteProcessor.scala:57)
	at org.apache.spark.scheduler.ShuffleMapTask.runTask(ShuffleMapTask.scala:111)
	at org.apache.spark.scheduler.ShuffleMapTask.runTask(ShuffleMapTask.scala:54)
	at org.apache.spark.TaskContext.runTaskWithListeners(TaskContext.scala:171)
	at org.apache.spark.scheduler.Task.run(Task.scala:147)
	at org.apache.spark.executor.Executor$TaskRunner.$anonfun$run$5(Executor.scala:647)
	at org.apache.spark.util.SparkErrorUtils.tryWithSafeFinally(SparkErrorUtils.scala:80)
	at org.apache.spark.util.SparkErrorUtils.tryWithSafeFinally$(SparkErrorUtils.scala:77)
	at org.apache.spark.util.Utils$.tryWithSafeFinally(Utils.scala:99)
	at org.apache.spark.executor.Executor$TaskRunner.run(Executor.scala:650)
	at java.base/java.util.concurrent.ThreadPoolExecutor.runWorker(ThreadPoolExecutor.java:1136)
	at java.base/java.util.concurrent.ThreadPoolExecutor$Worker.run(ThreadPoolExecutor.java:635)
	at java.base/java.lang.Thread.run(Thread.java:840)

26/01/22 16:59:15 WARN TaskSetManager: Lost task 55.0 in stage 44.0 (TID 1586) (pc12830.Mathematik.Uni-Marburg.DE executor driver): java.io.FileNotFoundException: /storage/home/roqaya/NovaAD_Plus/src/tmp/spark-spill/blockmgr-df92e9ff-e7c7-4d78-b1a5-2849326a78a1/29/temp_shuffle_0c18d640-261d-48ac-90a1-09d5e3695c3b (No such file or directory)
	at java.base/java.io.FileOutputStream.open0(Native Method)
	at java.base/java.io.FileOutputStream.open(FileOutputStream.java:293)
	at java.base/java.io.FileOutputStream.<init>(FileOutputStream.java:235)
	at org.apache.spark.storage.DiskBlockObjectWriter.initialize(DiskBlockObjectWriter.scala:148)
	at org.apache.spark.storage.DiskBlockObjectWriter.open(DiskBlockObjectWriter.scala:168)
	at org.apache.spark.storage.DiskBlockObjectWriter.write(DiskBlockObjectWriter.scala:333)
	at org.apache.spark.shuffle.sort.BypassMergeSortShuffleWriter.write(BypassMergeSortShuffleWriter.java:174)
	at org.apache.spark.shuffle.ShuffleWriteProcessor.write(ShuffleWriteProcessor.scala:57)
	at org.apache.spark.scheduler.ShuffleMapTask.runTask(ShuffleMapTask.scala:111)
	at org.apache.spark.scheduler.ShuffleMapTask.runTask(ShuffleMapTask.scala:54)
	at org.apache.spark.TaskContext.runTaskWithListeners(TaskContext.scala:171)
	at org.apache.spark.scheduler.Task.run(Task.scala:147)
	at org.apache.spark.executor.Executor$TaskRunner.$anonfun$run$5(Executor.scala:647)
	at org.apache.spark.util.SparkErrorUtils.tryWithSafeFinally(SparkErrorUtils.scala:80)
	at org.apache.spark.util.SparkErrorUtils.tryWithSafeFinally$(SparkErrorUtils.scala:77)
	at org.apache.spark.util.Utils$.tryWithSafeFinally(Utils.scala:99)
	at org.apache.spark.executor.Executor$TaskRunner.run(Executor.scala:650)
	at java.base/java.util.concurrent.ThreadPoolExecutor.runWorker(ThreadPoolExecutor.java:1136)
	at java.base/java.util.concurrent.ThreadPoolExecutor$Worker.run(ThreadPoolExecutor.java:635)
	at java.base/java.lang.Thread.run(Thread.java:840)

26/01/22 16:59:15 WARN TaskSetManager: Lost task 50.0 in stage 44.0 (TID 1581) (pc12830.Mathematik.Uni-Marburg.DE executor driver): java.io.FileNotFoundException: /storage/home/roqaya/NovaAD_Plus/src/tmp/spark-spill/blockmgr-df92e9ff-e7c7-4d78-b1a5-2849326a78a1/09/temp_shuffle_b042d63e-caa0-4a35-9921-053756d2336c (No such file or directory)
	at java.base/java.io.FileOutputStream.open0(Native Method)
	at java.base/java.io.FileOutputStream.open(FileOutputStream.java:293)
	at java.base/java.io.FileOutputStream.<init>(FileOutputStream.java:235)
	at org.apache.spark.storage.DiskBlockObjectWriter.initialize(DiskBlockObjectWriter.scala:148)
	at org.apache.spark.storage.DiskBlockObjectWriter.open(DiskBlockObjectWriter.scala:168)
	at org.apache.spark.storage.DiskBlockObjectWriter.write(DiskBlockObjectWriter.scala:333)
	at org.apache.spark.shuffle.sort.BypassMergeSortShuffleWriter.write(BypassMergeSortShuffleWriter.java:174)
	at org.apache.spark.shuffle.ShuffleWriteProcessor.write(ShuffleWriteProcessor.scala:57)
	at org.apache.spark.scheduler.ShuffleMapTask.runTask(ShuffleMapTask.scala:111)
	at org.apache.spark.scheduler.ShuffleMapTask.runTask(ShuffleMapTask.scala:54)
	at org.apache.spark.TaskContext.runTaskWithListeners(TaskContext.scala:171)
	at org.apache.spark.scheduler.Task.run(Task.scala:147)
	at org.apache.spark.executor.Executor$TaskRunner.$anonfun$run$5(Executor.scala:647)
	at org.apache.spark.util.SparkErrorUtils.tryWithSafeFinally(SparkErrorUtils.scala:80)
	at org.apache.spark.util.SparkErrorUtils.tryWithSafeFinally$(SparkErrorUtils.scala:77)
	at org.apache.spark.util.Utils$.tryWithSafeFinally(Utils.scala:99)
	at org.apache.spark.executor.Executor$TaskRunner.run(Executor.scala:650)
	at java.base/java.util.concurrent.ThreadPoolExecutor.runWorker(ThreadPoolExecutor.java:1136)
	at java.base/java.util.concurrent.ThreadPoolExecutor$Worker.run(ThreadPoolExecutor.java:635)
	at java.base/java.lang.Thread.run(Thread.java:840)

26/01/22 16:59:15 WARN TaskSetManager: Lost task 52.0 in stage 44.0 (TID 1583) (pc12830.Mathematik.Uni-Marburg.DE executor driver): java.io.FileNotFoundException: /storage/home/roqaya/NovaAD_Plus/src/tmp/spark-spill/blockmgr-df92e9ff-e7c7-4d78-b1a5-2849326a78a1/0c/temp_shuffle_3d458fb2-49c5-47cf-a9f2-62130cad14e6 (No such file or directory)
	at java.base/java.io.FileOutputStream.open0(Native Method)
	at java.base/java.io.FileOutputStream.open(FileOutputStream.java:293)
	at java.base/java.io.FileOutputStream.<init>(FileOutputStream.java:235)
	at org.apache.spark.storage.DiskBlockObjectWriter.initialize(DiskBlockObjectWriter.scala:148)
	at org.apache.spark.storage.DiskBlockObjectWriter.open(DiskBlockObjectWriter.scala:168)
	at org.apache.spark.storage.DiskBlockObjectWriter.write(DiskBlockObjectWriter.scala:333)
	at org.apache.spark.shuffle.sort.BypassMergeSortShuffleWriter.write(BypassMergeSortShuffleWriter.java:174)
	at org.apache.spark.shuffle.ShuffleWriteProcessor.write(ShuffleWriteProcessor.scala:57)
	at org.apache.spark.scheduler.ShuffleMapTask.runTask(ShuffleMapTask.scala:111)
	at org.apache.spark.scheduler.ShuffleMapTask.runTask(ShuffleMapTask.scala:54)
	at org.apache.spark.TaskContext.runTaskWithListeners(TaskContext.scala:171)
	at org.apache.spark.scheduler.Task.run(Task.scala:147)
	at org.apache.spark.executor.Executor$TaskRunner.$anonfun$run$5(Executor.scala:647)
	at org.apache.spark.util.SparkErrorUtils.tryWithSafeFinally(SparkErrorUtils.scala:80)
	at org.apache.spark.util.SparkErrorUtils.tryWithSafeFinally$(SparkErrorUtils.scala:77)
	at org.apache.spark.util.Utils$.tryWithSafeFinally(Utils.scala:99)
	at org.apache.spark.executor.Executor$TaskRunner.run(Executor.scala:650)
	at java.base/java.util.concurrent.ThreadPoolExecutor.runWorker(ThreadPoolExecutor.java:1136)
	at java.base/java.util.concurrent.ThreadPoolExecutor$Worker.run(ThreadPoolExecutor.java:635)
	at java.base/java.lang.Thread.run(Thread.java:840)

26/01/22 16:59:15 WARN TaskSetManager: Lost task 46.0 in stage 44.0 (TID 1577) (pc12830.Mathematik.Uni-Marburg.DE executor driver): java.io.FileNotFoundException: /storage/home/roqaya/NovaAD_Plus/src/tmp/spark-spill/blockmgr-df92e9ff-e7c7-4d78-b1a5-2849326a78a1/10/temp_shuffle_25acca0f-e185-49c0-a543-4100bd88b069 (No such file or directory)
	at java.base/java.io.FileOutputStream.open0(Native Method)
	at java.base/java.io.FileOutputStream.open(FileOutputStream.java:293)
	at java.base/java.io.FileOutputStream.<init>(FileOutputStream.java:235)
	at org.apache.spark.storage.DiskBlockObjectWriter.initialize(DiskBlockObjectWriter.scala:148)
	at org.apache.spark.storage.DiskBlockObjectWriter.open(DiskBlockObjectWriter.scala:168)
	at org.apache.spark.storage.DiskBlockObjectWriter.write(DiskBlockObjectWriter.scala:333)
	at org.apache.spark.shuffle.sort.BypassMergeSortShuffleWriter.write(BypassMergeSortShuffleWriter.java:174)
	at org.apache.spark.shuffle.ShuffleWriteProcessor.write(ShuffleWriteProcessor.scala:57)
	at org.apache.spark.scheduler.ShuffleMapTask.runTask(ShuffleMapTask.scala:111)
	at org.apache.spark.scheduler.ShuffleMapTask.runTask(ShuffleMapTask.scala:54)
	at org.apache.spark.TaskContext.runTaskWithListeners(TaskContext.scala:171)
	at org.apache.spark.scheduler.Task.run(Task.scala:147)
	at org.apache.spark.executor.Executor$TaskRunner.$anonfun$run$5(Executor.scala:647)
	at org.apache.spark.util.SparkErrorUtils.tryWithSafeFinally(SparkErrorUtils.scala:80)
	at org.apache.spark.util.SparkErrorUtils.tryWithSafeFinally$(SparkErrorUtils.scala:77)
	at org.apache.spark.util.Utils$.tryWithSafeFinally(Utils.scala:99)
	at org.apache.spark.executor.Executor$TaskRunner.run(Executor.scala:650)
	at java.base/java.util.concurrent.ThreadPoolExecutor.runWorker(ThreadPoolExecutor.java:1136)
	at java.base/java.util.concurrent.ThreadPoolExecutor$Worker.run(ThreadPoolExecutor.java:635)
	at java.base/java.lang.Thread.run(Thread.java:840)

26/01/22 16:59:15 WARN TaskSetManager: Lost task 42.0 in stage 44.0 (TID 1573) (pc12830.Mathematik.Uni-Marburg.DE executor driver): java.io.FileNotFoundException: /storage/home/roqaya/NovaAD_Plus/src/tmp/spark-spill/blockmgr-df92e9ff-e7c7-4d78-b1a5-2849326a78a1/02/temp_shuffle_fd366cb7-734c-4c05-9fe6-3bb32cc9151e (No such file or directory)
	at java.base/java.io.FileOutputStream.open0(Native Method)
	at java.base/java.io.FileOutputStream.open(FileOutputStream.java:293)
	at java.base/java.io.FileOutputStream.<init>(FileOutputStream.java:235)
	at org.apache.spark.storage.DiskBlockObjectWriter.initialize(DiskBlockObjectWriter.scala:148)
	at org.apache.spark.storage.DiskBlockObjectWriter.open(DiskBlockObjectWriter.scala:168)
	at org.apache.spark.storage.DiskBlockObjectWriter.write(DiskBlockObjectWriter.scala:333)
	at org.apache.spark.shuffle.sort.BypassMergeSortShuffleWriter.write(BypassMergeSortShuffleWriter.java:174)
	at org.apache.spark.shuffle.ShuffleWriteProcessor.write(ShuffleWriteProcessor.scala:57)
	at org.apache.spark.scheduler.ShuffleMapTask.runTask(ShuffleMapTask.scala:111)
	at org.apache.spark.scheduler.ShuffleMapTask.runTask(ShuffleMapTask.scala:54)
	at org.apache.spark.TaskContext.runTaskWithListeners(TaskContext.scala:171)
	at org.apache.spark.scheduler.Task.run(Task.scala:147)
	at org.apache.spark.executor.Executor$TaskRunner.$anonfun$run$5(Executor.scala:647)
	at org.apache.spark.util.SparkErrorUtils.tryWithSafeFinally(SparkErrorUtils.scala:80)
	at org.apache.spark.util.SparkErrorUtils.tryWithSafeFinally$(SparkErrorUtils.scala:77)
	at org.apache.spark.util.Utils$.tryWithSafeFinally(Utils.scala:99)
	at org.apache.spark.executor.Executor$TaskRunner.run(Executor.scala:650)
	at java.base/java.util.concurrent.ThreadPoolExecutor.runWorker(ThreadPoolExecutor.java:1136)
	at java.base/java.util.concurrent.ThreadPoolExecutor$Worker.run(ThreadPoolExecutor.java:635)
	at java.base/java.lang.Thread.run(Thread.java:840)

26/01/22 16:59:15 WARN TaskSetManager: Lost task 44.0 in stage 44.0 (TID 1575) (pc12830.Mathematik.Uni-Marburg.DE executor driver): java.io.FileNotFoundException: /storage/home/roqaya/NovaAD_Plus/src/tmp/spark-spill/blockmgr-df92e9ff-e7c7-4d78-b1a5-2849326a78a1/30/temp_shuffle_9908a81a-a606-4664-bcbb-0698a338255b (No such file or directory)
	at java.base/java.io.FileOutputStream.open0(Native Method)
	at java.base/java.io.FileOutputStream.open(FileOutputStream.java:293)
	at java.base/java.io.FileOutputStream.<init>(FileOutputStream.java:235)
	at org.apache.spark.storage.DiskBlockObjectWriter.initialize(DiskBlockObjectWriter.scala:148)
	at org.apache.spark.storage.DiskBlockObjectWriter.open(DiskBlockObjectWriter.scala:168)
	at org.apache.spark.storage.DiskBlockObjectWriter.write(DiskBlockObjectWriter.scala:333)
	at org.apache.spark.shuffle.sort.BypassMergeSortShuffleWriter.write(BypassMergeSortShuffleWriter.java:174)
	at org.apache.spark.shuffle.ShuffleWriteProcessor.write(ShuffleWriteProcessor.scala:57)
	at org.apache.spark.scheduler.ShuffleMapTask.runTask(ShuffleMapTask.scala:111)
	at org.apache.spark.scheduler.ShuffleMapTask.runTask(ShuffleMapTask.scala:54)
	at org.apache.spark.TaskContext.runTaskWithListeners(TaskContext.scala:171)
	at org.apache.spark.scheduler.Task.run(Task.scala:147)
	at org.apache.spark.executor.Executor$TaskRunner.$anonfun$run$5(Executor.scala:647)
	at org.apache.spark.util.SparkErrorUtils.tryWithSafeFinally(SparkErrorUtils.scala:80)
	at org.apache.spark.util.SparkErrorUtils.tryWithSafeFinally$(SparkErrorUtils.scala:77)
	at org.apache.spark.util.Utils$.tryWithSafeFinally(Utils.scala:99)
	at org.apache.spark.executor.Executor$TaskRunner.run(Executor.scala:650)
	at java.base/java.util.concurrent.ThreadPoolExecutor.runWorker(ThreadPoolExecutor.java:1136)
	at java.base/java.util.concurrent.ThreadPoolExecutor$Worker.run(ThreadPoolExecutor.java:635)
	at java.base/java.lang.Thread.run(Thread.java:840)

26/01/22 16:59:15 WARN TaskSetManager: Lost task 9.0 in stage 44.0 (TID 1540) (pc12830.Mathematik.Uni-Marburg.DE executor driver): java.io.FileNotFoundException: /storage/home/roqaya/NovaAD_Plus/src/tmp/spark-spill/blockmgr-df92e9ff-e7c7-4d78-b1a5-2849326a78a1/18/temp_shuffle_d3036404-fd24-49bc-9db1-6fafc2e58b81 (No such file or directory)
	at java.base/java.io.FileOutputStream.open0(Native Method)
	at java.base/java.io.FileOutputStream.open(FileOutputStream.java:293)
	at java.base/java.io.FileOutputStream.<init>(FileOutputStream.java:235)
	at org.apache.spark.storage.DiskBlockObjectWriter.initialize(DiskBlockObjectWriter.scala:148)
	at org.apache.spark.storage.DiskBlockObjectWriter.open(DiskBlockObjectWriter.scala:168)
	at org.apache.spark.storage.DiskBlockObjectWriter.write(DiskBlockObjectWriter.scala:333)
	at org.apache.spark.shuffle.sort.BypassMergeSortShuffleWriter.write(BypassMergeSortShuffleWriter.java:174)
	at org.apache.spark.shuffle.ShuffleWriteProcessor.write(ShuffleWriteProcessor.scala:57)
	at org.apache.spark.scheduler.ShuffleMapTask.runTask(ShuffleMapTask.scala:111)
	at org.apache.spark.scheduler.ShuffleMapTask.runTask(ShuffleMapTask.scala:54)
	at org.apache.spark.TaskContext.runTaskWithListeners(TaskContext.scala:171)
	at org.apache.spark.scheduler.Task.run(Task.scala:147)
	at org.apache.spark.executor.Executor$TaskRunner.$anonfun$run$5(Executor.scala:647)
	at org.apache.spark.util.SparkErrorUtils.tryWithSafeFinally(SparkErrorUtils.scala:80)
	at org.apache.spark.util.SparkErrorUtils.tryWithSafeFinally$(SparkErrorUtils.scala:77)
	at org.apache.spark.util.Utils$.tryWithSafeFinally(Utils.scala:99)
	at org.apache.spark.executor.Executor$TaskRunner.run(Executor.scala:650)
	at java.base/java.util.concurrent.ThreadPoolExecutor.runWorker(ThreadPoolExecutor.java:1136)
	at java.base/java.util.concurrent.ThreadPoolExecutor$Worker.run(ThreadPoolExecutor.java:635)
	at java.base/java.lang.Thread.run(Thread.java:840)

26/01/22 16:59:15 WARN TaskSetManager: Lost task 37.0 in stage 44.0 (TID 1568) (pc12830.Mathematik.Uni-Marburg.DE executor driver): java.io.FileNotFoundException: /storage/home/roqaya/NovaAD_Plus/src/tmp/spark-spill/blockmgr-df92e9ff-e7c7-4d78-b1a5-2849326a78a1/2d/temp_shuffle_aeb75106-a7f7-4ee9-bd7f-b954a4821a89 (No such file or directory)
	at java.base/java.io.FileOutputStream.open0(Native Method)
	at java.base/java.io.FileOutputStream.open(FileOutputStream.java:293)
	at java.base/java.io.FileOutputStream.<init>(FileOutputStream.java:235)
	at org.apache.spark.storage.DiskBlockObjectWriter.initialize(DiskBlockObjectWriter.scala:148)
	at org.apache.spark.storage.DiskBlockObjectWriter.open(DiskBlockObjectWriter.scala:168)
	at org.apache.spark.storage.DiskBlockObjectWriter.write(DiskBlockObjectWriter.scala:333)
	at org.apache.spark.shuffle.sort.BypassMergeSortShuffleWriter.write(BypassMergeSortShuffleWriter.java:174)
	at org.apache.spark.shuffle.ShuffleWriteProcessor.write(ShuffleWriteProcessor.scala:57)
	at org.apache.spark.scheduler.ShuffleMapTask.runTask(ShuffleMapTask.scala:111)
	at org.apache.spark.scheduler.ShuffleMapTask.runTask(ShuffleMapTask.scala:54)
	at org.apache.spark.TaskContext.runTaskWithListeners(TaskContext.scala:171)
	at org.apache.spark.scheduler.Task.run(Task.scala:147)
	at org.apache.spark.executor.Executor$TaskRunner.$anonfun$run$5(Executor.scala:647)
	at org.apache.spark.util.SparkErrorUtils.tryWithSafeFinally(SparkErrorUtils.scala:80)
	at org.apache.spark.util.SparkErrorUtils.tryWithSafeFinally$(SparkErrorUtils.scala:77)
	at org.apache.spark.util.Utils$.tryWithSafeFinally(Utils.scala:99)
	at org.apache.spark.executor.Executor$TaskRunner.run(Executor.scala:650)
	at java.base/java.util.concurrent.ThreadPoolExecutor.runWorker(ThreadPoolExecutor.java:1136)
	at java.base/java.util.concurrent.ThreadPoolExecutor$Worker.run(ThreadPoolExecutor.java:635)
	at java.base/java.lang.Thread.run(Thread.java:840)

26/01/22 16:59:15 WARN TaskSetManager: Lost task 21.0 in stage 44.0 (TID 1552) (pc12830.Mathematik.Uni-Marburg.DE executor driver): java.io.FileNotFoundException: /storage/home/roqaya/NovaAD_Plus/src/tmp/spark-spill/blockmgr-df92e9ff-e7c7-4d78-b1a5-2849326a78a1/2d/temp_shuffle_51be38cd-4041-4744-9d2f-ce20f016e7d5 (No such file or directory)
	at java.base/java.io.FileOutputStream.open0(Native Method)
	at java.base/java.io.FileOutputStream.open(FileOutputStream.java:293)
	at java.base/java.io.FileOutputStream.<init>(FileOutputStream.java:235)
	at org.apache.spark.storage.DiskBlockObjectWriter.initialize(DiskBlockObjectWriter.scala:148)
	at org.apache.spark.storage.DiskBlockObjectWriter.open(DiskBlockObjectWriter.scala:168)
	at org.apache.spark.storage.DiskBlockObjectWriter.write(DiskBlockObjectWriter.scala:333)
	at org.apache.spark.shuffle.sort.BypassMergeSortShuffleWriter.write(BypassMergeSortShuffleWriter.java:174)
	at org.apache.spark.shuffle.ShuffleWriteProcessor.write(ShuffleWriteProcessor.scala:57)
	at org.apache.spark.scheduler.ShuffleMapTask.runTask(ShuffleMapTask.scala:111)
	at org.apache.spark.scheduler.ShuffleMapTask.runTask(ShuffleMapTask.scala:54)
	at org.apache.spark.TaskContext.runTaskWithListeners(TaskContext.scala:171)
	at org.apache.spark.scheduler.Task.run(Task.scala:147)
	at org.apache.spark.executor.Executor$TaskRunner.$anonfun$run$5(Executor.scala:647)
	at org.apache.spark.util.SparkErrorUtils.tryWithSafeFinally(SparkErrorUtils.scala:80)
	at org.apache.spark.util.SparkErrorUtils.tryWithSafeFinally$(SparkErrorUtils.scala:77)
	at org.apache.spark.util.Utils$.tryWithSafeFinally(Utils.scala:99)
	at org.apache.spark.executor.Executor$TaskRunner.run(Executor.scala:650)
	at java.base/java.util.concurrent.ThreadPoolExecutor.runWorker(ThreadPoolExecutor.java:1136)
	at java.base/java.util.concurrent.ThreadPoolExecutor$Worker.run(ThreadPoolExecutor.java:635)
	at java.base/java.lang.Thread.run(Thread.java:840)

26/01/22 16:59:15 WARN TaskSetManager: Lost task 26.0 in stage 44.0 (TID 1557) (pc12830.Mathematik.Uni-Marburg.DE executor driver): java.io.FileNotFoundException: /storage/home/roqaya/NovaAD_Plus/src/tmp/spark-spill/blockmgr-df92e9ff-e7c7-4d78-b1a5-2849326a78a1/37/temp_shuffle_b2eda56d-d67d-47fe-ad04-2d99a958846f (No such file or directory)
	at java.base/java.io.FileOutputStream.open0(Native Method)
	at java.base/java.io.FileOutputStream.open(FileOutputStream.java:293)
	at java.base/java.io.FileOutputStream.<init>(FileOutputStream.java:235)
	at org.apache.spark.storage.DiskBlockObjectWriter.initialize(DiskBlockObjectWriter.scala:148)
	at org.apache.spark.storage.DiskBlockObjectWriter.open(DiskBlockObjectWriter.scala:168)
	at org.apache.spark.storage.DiskBlockObjectWriter.write(DiskBlockObjectWriter.scala:333)
	at org.apache.spark.shuffle.sort.BypassMergeSortShuffleWriter.write(BypassMergeSortShuffleWriter.java:174)
	at org.apache.spark.shuffle.ShuffleWriteProcessor.write(ShuffleWriteProcessor.scala:57)
	at org.apache.spark.scheduler.ShuffleMapTask.runTask(ShuffleMapTask.scala:111)
	at org.apache.spark.scheduler.ShuffleMapTask.runTask(ShuffleMapTask.scala:54)
	at org.apache.spark.TaskContext.runTaskWithListeners(TaskContext.scala:171)
	at org.apache.spark.scheduler.Task.run(Task.scala:147)
	at org.apache.spark.executor.Executor$TaskRunner.$anonfun$run$5(Executor.scala:647)
	at org.apache.spark.util.SparkErrorUtils.tryWithSafeFinally(SparkErrorUtils.scala:80)
	at org.apache.spark.util.SparkErrorUtils.tryWithSafeFinally$(SparkErrorUtils.scala:77)
	at org.apache.spark.util.Utils$.tryWithSafeFinally(Utils.scala:99)
	at org.apache.spark.executor.Executor$TaskRunner.run(Executor.scala:650)
	at java.base/java.util.concurrent.ThreadPoolExecutor.runWorker(ThreadPoolExecutor.java:1136)
	at java.base/java.util.concurrent.ThreadPoolExecutor$Worker.run(ThreadPoolExecutor.java:635)
	at java.base/java.lang.Thread.run(Thread.java:840)

26/01/22 16:59:15 WARN TaskSetManager: Lost task 12.0 in stage 44.0 (TID 1543) (pc12830.Mathematik.Uni-Marburg.DE executor driver): java.io.FileNotFoundException: /storage/home/roqaya/NovaAD_Plus/src/tmp/spark-spill/blockmgr-df92e9ff-e7c7-4d78-b1a5-2849326a78a1/33/temp_shuffle_41e025e8-0861-4bb5-a4cb-86e01f924aa5 (No such file or directory)
	at java.base/java.io.FileOutputStream.open0(Native Method)
	at java.base/java.io.FileOutputStream.open(FileOutputStream.java:293)
	at java.base/java.io.FileOutputStream.<init>(FileOutputStream.java:235)
	at org.apache.spark.storage.DiskBlockObjectWriter.initialize(DiskBlockObjectWriter.scala:148)
	at org.apache.spark.storage.DiskBlockObjectWriter.open(DiskBlockObjectWriter.scala:168)
	at org.apache.spark.storage.DiskBlockObjectWriter.write(DiskBlockObjectWriter.scala:333)
	at org.apache.spark.shuffle.sort.BypassMergeSortShuffleWriter.write(BypassMergeSortShuffleWriter.java:174)
	at org.apache.spark.shuffle.ShuffleWriteProcessor.write(ShuffleWriteProcessor.scala:57)
	at org.apache.spark.scheduler.ShuffleMapTask.runTask(ShuffleMapTask.scala:111)
	at org.apache.spark.scheduler.ShuffleMapTask.runTask(ShuffleMapTask.scala:54)
	at org.apache.spark.TaskContext.runTaskWithListeners(TaskContext.scala:171)
	at org.apache.spark.scheduler.Task.run(Task.scala:147)
	at org.apache.spark.executor.Executor$TaskRunner.$anonfun$run$5(Executor.scala:647)
	at org.apache.spark.util.SparkErrorUtils.tryWithSafeFinally(SparkErrorUtils.scala:80)
	at org.apache.spark.util.SparkErrorUtils.tryWithSafeFinally$(SparkErrorUtils.scala:77)
	at org.apache.spark.util.Utils$.tryWithSafeFinally(Utils.scala:99)
	at org.apache.spark.executor.Executor$TaskRunner.run(Executor.scala:650)
	at java.base/java.util.concurrent.ThreadPoolExecutor.runWorker(ThreadPoolExecutor.java:1136)
	at java.base/java.util.concurrent.ThreadPoolExecutor$Worker.run(ThreadPoolExecutor.java:635)
	at java.base/java.lang.Thread.run(Thread.java:840)

26/01/22 16:59:15 WARN TaskSetManager: Lost task 27.0 in stage 44.0 (TID 1558) (pc12830.Mathematik.Uni-Marburg.DE executor driver): java.io.FileNotFoundException: /storage/home/roqaya/NovaAD_Plus/src/tmp/spark-spill/blockmgr-df92e9ff-e7c7-4d78-b1a5-2849326a78a1/32/temp_shuffle_c5b57836-9f9d-4960-9013-e110992ab398 (No such file or directory)
	at java.base/java.io.FileOutputStream.open0(Native Method)
	at java.base/java.io.FileOutputStream.open(FileOutputStream.java:293)
	at java.base/java.io.FileOutputStream.<init>(FileOutputStream.java:235)
	at org.apache.spark.storage.DiskBlockObjectWriter.initialize(DiskBlockObjectWriter.scala:148)
	at org.apache.spark.storage.DiskBlockObjectWriter.open(DiskBlockObjectWriter.scala:168)
	at org.apache.spark.storage.DiskBlockObjectWriter.write(DiskBlockObjectWriter.scala:333)
	at org.apache.spark.shuffle.sort.BypassMergeSortShuffleWriter.write(BypassMergeSortShuffleWriter.java:174)
	at org.apache.spark.shuffle.ShuffleWriteProcessor.write(ShuffleWriteProcessor.scala:57)
	at org.apache.spark.scheduler.ShuffleMapTask.runTask(ShuffleMapTask.scala:111)
	at org.apache.spark.scheduler.ShuffleMapTask.runTask(ShuffleMapTask.scala:54)
	at org.apache.spark.TaskContext.runTaskWithListeners(TaskContext.scala:171)
	at org.apache.spark.scheduler.Task.run(Task.scala:147)
	at org.apache.spark.executor.Executor$TaskRunner.$anonfun$run$5(Executor.scala:647)
	at org.apache.spark.util.SparkErrorUtils.tryWithSafeFinally(SparkErrorUtils.scala:80)
	at org.apache.spark.util.SparkErrorUtils.tryWithSafeFinally$(SparkErrorUtils.scala:77)
	at org.apache.spark.util.Utils$.tryWithSafeFinally(Utils.scala:99)
	at org.apache.spark.executor.Executor$TaskRunner.run(Executor.scala:650)
	at java.base/java.util.concurrent.ThreadPoolExecutor.runWorker(ThreadPoolExecutor.java:1136)
	at java.base/java.util.concurrent.ThreadPoolExecutor$Worker.run(ThreadPoolExecutor.java:635)
	at java.base/java.lang.Thread.run(Thread.java:840)

26/01/22 16:59:15 WARN TaskSetManager: Lost task 40.0 in stage 44.0 (TID 1571) (pc12830.Mathematik.Uni-Marburg.DE executor driver): java.io.FileNotFoundException: /storage/home/roqaya/NovaAD_Plus/src/tmp/spark-spill/blockmgr-df92e9ff-e7c7-4d78-b1a5-2849326a78a1/32/temp_shuffle_6c9f170d-46f6-47a3-988e-0484d3bc7cc9 (No such file or directory)
	at java.base/java.io.FileOutputStream.open0(Native Method)
	at java.base/java.io.FileOutputStream.open(FileOutputStream.java:293)
	at java.base/java.io.FileOutputStream.<init>(FileOutputStream.java:235)
	at org.apache.spark.storage.DiskBlockObjectWriter.initialize(DiskBlockObjectWriter.scala:148)
	at org.apache.spark.storage.DiskBlockObjectWriter.open(DiskBlockObjectWriter.scala:168)
	at org.apache.spark.storage.DiskBlockObjectWriter.write(DiskBlockObjectWriter.scala:333)
	at org.apache.spark.shuffle.sort.BypassMergeSortShuffleWriter.write(BypassMergeSortShuffleWriter.java:174)
	at org.apache.spark.shuffle.ShuffleWriteProcessor.write(ShuffleWriteProcessor.scala:57)
	at org.apache.spark.scheduler.ShuffleMapTask.runTask(ShuffleMapTask.scala:111)
	at org.apache.spark.scheduler.ShuffleMapTask.runTask(ShuffleMapTask.scala:54)
	at org.apache.spark.TaskContext.runTaskWithListeners(TaskContext.scala:171)
	at org.apache.spark.scheduler.Task.run(Task.scala:147)
	at org.apache.spark.executor.Executor$TaskRunner.$anonfun$run$5(Executor.scala:647)
	at org.apache.spark.util.SparkErrorUtils.tryWithSafeFinally(SparkErrorUtils.scala:80)
	at org.apache.spark.util.SparkErrorUtils.tryWithSafeFinally$(SparkErrorUtils.scala:77)
	at org.apache.spark.util.Utils$.tryWithSafeFinally(Utils.scala:99)
	at org.apache.spark.executor.Executor$TaskRunner.run(Executor.scala:650)
	at java.base/java.util.concurrent.ThreadPoolExecutor.runWorker(ThreadPoolExecutor.java:1136)
	at java.base/java.util.concurrent.ThreadPoolExecutor$Worker.run(ThreadPoolExecutor.java:635)
	at java.base/java.lang.Thread.run(Thread.java:840)

26/01/22 16:59:15 WARN TaskSetManager: Lost task 0.0 in stage 44.0 (TID 1531) (pc12830.Mathematik.Uni-Marburg.DE executor driver): java.io.FileNotFoundException: /storage/home/roqaya/NovaAD_Plus/src/tmp/spark-spill/blockmgr-df92e9ff-e7c7-4d78-b1a5-2849326a78a1/23/temp_shuffle_afa37ed6-e110-4c86-96c2-cb0d10f4dd38 (No such file or directory)
	at java.base/java.io.FileOutputStream.open0(Native Method)
	at java.base/java.io.FileOutputStream.open(FileOutputStream.java:293)
	at java.base/java.io.FileOutputStream.<init>(FileOutputStream.java:235)
	at org.apache.spark.storage.DiskBlockObjectWriter.initialize(DiskBlockObjectWriter.scala:148)
	at org.apache.spark.storage.DiskBlockObjectWriter.open(DiskBlockObjectWriter.scala:168)
	at org.apache.spark.storage.DiskBlockObjectWriter.write(DiskBlockObjectWriter.scala:333)
	at org.apache.spark.shuffle.sort.BypassMergeSortShuffleWriter.write(BypassMergeSortShuffleWriter.java:174)
	at org.apache.spark.shuffle.ShuffleWriteProcessor.write(ShuffleWriteProcessor.scala:57)
	at org.apache.spark.scheduler.ShuffleMapTask.runTask(ShuffleMapTask.scala:111)
	at org.apache.spark.scheduler.ShuffleMapTask.runTask(ShuffleMapTask.scala:54)
	at org.apache.spark.TaskContext.runTaskWithListeners(TaskContext.scala:171)
	at org.apache.spark.scheduler.Task.run(Task.scala:147)
	at org.apache.spark.executor.Executor$TaskRunner.$anonfun$run$5(Executor.scala:647)
	at org.apache.spark.util.SparkErrorUtils.tryWithSafeFinally(SparkErrorUtils.scala:80)
	at org.apache.spark.util.SparkErrorUtils.tryWithSafeFinally$(SparkErrorUtils.scala:77)
	at org.apache.spark.util.Utils$.tryWithSafeFinally(Utils.scala:99)
	at org.apache.spark.executor.Executor$TaskRunner.run(Executor.scala:650)
	at java.base/java.util.concurrent.ThreadPoolExecutor.runWorker(ThreadPoolExecutor.java:1136)
	at java.base/java.util.concurrent.ThreadPoolExecutor$Worker.run(ThreadPoolExecutor.java:635)
	at java.base/java.lang.Thread.run(Thread.java:840)

26/01/22 16:59:15 WARN TaskSetManager: Lost task 19.0 in stage 44.0 (TID 1550) (pc12830.Mathematik.Uni-Marburg.DE executor driver): java.io.FileNotFoundException: /storage/home/roqaya/NovaAD_Plus/src/tmp/spark-spill/blockmgr-df92e9ff-e7c7-4d78-b1a5-2849326a78a1/0d/temp_shuffle_fce388e0-7d4d-4036-a83a-dc441ff94b93 (No such file or directory)
	at java.base/java.io.FileOutputStream.open0(Native Method)
	at java.base/java.io.FileOutputStream.open(FileOutputStream.java:293)
	at java.base/java.io.FileOutputStream.<init>(FileOutputStream.java:235)
	at org.apache.spark.storage.DiskBlockObjectWriter.initialize(DiskBlockObjectWriter.scala:148)
	at org.apache.spark.storage.DiskBlockObjectWriter.open(DiskBlockObjectWriter.scala:168)
	at org.apache.spark.storage.DiskBlockObjectWriter.write(DiskBlockObjectWriter.scala:333)
	at org.apache.spark.shuffle.sort.BypassMergeSortShuffleWriter.write(BypassMergeSortShuffleWriter.java:174)
	at org.apache.spark.shuffle.ShuffleWriteProcessor.write(ShuffleWriteProcessor.scala:57)
	at org.apache.spark.scheduler.ShuffleMapTask.runTask(ShuffleMapTask.scala:111)
	at org.apache.spark.scheduler.ShuffleMapTask.runTask(ShuffleMapTask.scala:54)
	at org.apache.spark.TaskContext.runTaskWithListeners(TaskContext.scala:171)
	at org.apache.spark.scheduler.Task.run(Task.scala:147)
	at org.apache.spark.executor.Executor$TaskRunner.$anonfun$run$5(Executor.scala:647)
	at org.apache.spark.util.SparkErrorUtils.tryWithSafeFinally(SparkErrorUtils.scala:80)
	at org.apache.spark.util.SparkErrorUtils.tryWithSafeFinally$(SparkErrorUtils.scala:77)
	at org.apache.spark.util.Utils$.tryWithSafeFinally(Utils.scala:99)
	at org.apache.spark.executor.Executor$TaskRunner.run(Executor.scala:650)
	at java.base/java.util.concurrent.ThreadPoolExecutor.runWorker(ThreadPoolExecutor.java:1136)
	at java.base/java.util.concurrent.ThreadPoolExecutor$Worker.run(ThreadPoolExecutor.java:635)
	at java.base/java.lang.Thread.run(Thread.java:840)

26/01/22 16:59:15 WARN TaskSetManager: Lost task 39.0 in stage 44.0 (TID 1570) (pc12830.Mathematik.Uni-Marburg.DE executor driver): java.io.FileNotFoundException: /storage/home/roqaya/NovaAD_Plus/src/tmp/spark-spill/blockmgr-df92e9ff-e7c7-4d78-b1a5-2849326a78a1/37/temp_shuffle_75291f16-adac-4ded-82d3-d2a0e9feade8 (No such file or directory)
	at java.base/java.io.FileOutputStream.open0(Native Method)
	at java.base/java.io.FileOutputStream.open(FileOutputStream.java:293)
	at java.base/java.io.FileOutputStream.<init>(FileOutputStream.java:235)
	at org.apache.spark.storage.DiskBlockObjectWriter.initialize(DiskBlockObjectWriter.scala:148)
	at org.apache.spark.storage.DiskBlockObjectWriter.open(DiskBlockObjectWriter.scala:168)
	at org.apache.spark.storage.DiskBlockObjectWriter.write(DiskBlockObjectWriter.scala:333)
	at org.apache.spark.shuffle.sort.BypassMergeSortShuffleWriter.write(BypassMergeSortShuffleWriter.java:174)
	at org.apache.spark.shuffle.ShuffleWriteProcessor.write(ShuffleWriteProcessor.scala:57)
	at org.apache.spark.scheduler.ShuffleMapTask.runTask(ShuffleMapTask.scala:111)
	at org.apache.spark.scheduler.ShuffleMapTask.runTask(ShuffleMapTask.scala:54)
	at org.apache.spark.TaskContext.runTaskWithListeners(TaskContext.scala:171)
	at org.apache.spark.scheduler.Task.run(Task.scala:147)
	at org.apache.spark.executor.Executor$TaskRunner.$anonfun$run$5(Executor.scala:647)
	at org.apache.spark.util.SparkErrorUtils.tryWithSafeFinally(SparkErrorUtils.scala:80)
	at org.apache.spark.util.SparkErrorUtils.tryWithSafeFinally$(SparkErrorUtils.scala:77)
	at org.apache.spark.util.Utils$.tryWithSafeFinally(Utils.scala:99)
	at org.apache.spark.executor.Executor$TaskRunner.run(Executor.scala:650)
	at java.base/java.util.concurrent.ThreadPoolExecutor.runWorker(ThreadPoolExecutor.java:1136)
	at java.base/java.util.concurrent.ThreadPoolExecutor$Worker.run(ThreadPoolExecutor.java:635)
	at java.base/java.lang.Thread.run(Thread.java:840)

26/01/22 16:59:15 WARN TaskSetManager: Lost task 23.0 in stage 44.0 (TID 1554) (pc12830.Mathematik.Uni-Marburg.DE executor driver): java.io.FileNotFoundException: /storage/home/roqaya/NovaAD_Plus/src/tmp/spark-spill/blockmgr-df92e9ff-e7c7-4d78-b1a5-2849326a78a1/1c/temp_shuffle_5f289536-642e-4a8f-b3f3-d98c5b787420 (No such file or directory)
	at java.base/java.io.FileOutputStream.open0(Native Method)
	at java.base/java.io.FileOutputStream.open(FileOutputStream.java:293)
	at java.base/java.io.FileOutputStream.<init>(FileOutputStream.java:235)
	at org.apache.spark.storage.DiskBlockObjectWriter.initialize(DiskBlockObjectWriter.scala:148)
	at org.apache.spark.storage.DiskBlockObjectWriter.open(DiskBlockObjectWriter.scala:168)
	at org.apache.spark.storage.DiskBlockObjectWriter.write(DiskBlockObjectWriter.scala:333)
	at org.apache.spark.shuffle.sort.BypassMergeSortShuffleWriter.write(BypassMergeSortShuffleWriter.java:174)
	at org.apache.spark.shuffle.ShuffleWriteProcessor.write(ShuffleWriteProcessor.scala:57)
	at org.apache.spark.scheduler.ShuffleMapTask.runTask(ShuffleMapTask.scala:111)
	at org.apache.spark.scheduler.ShuffleMapTask.runTask(ShuffleMapTask.scala:54)
	at org.apache.spark.TaskContext.runTaskWithListeners(TaskContext.scala:171)
	at org.apache.spark.scheduler.Task.run(Task.scala:147)
	at org.apache.spark.executor.Executor$TaskRunner.$anonfun$run$5(Executor.scala:647)
	at org.apache.spark.util.SparkErrorUtils.tryWithSafeFinally(SparkErrorUtils.scala:80)
	at org.apache.spark.util.SparkErrorUtils.tryWithSafeFinally$(SparkErrorUtils.scala:77)
	at org.apache.spark.util.Utils$.tryWithSafeFinally(Utils.scala:99)
	at org.apache.spark.executor.Executor$TaskRunner.run(Executor.scala:650)
	at java.base/java.util.concurrent.ThreadPoolExecutor.runWorker(ThreadPoolExecutor.java:1136)
	at java.base/java.util.concurrent.ThreadPoolExecutor$Worker.run(ThreadPoolExecutor.java:635)
	at java.base/java.lang.Thread.run(Thread.java:840)

26/01/22 16:59:15 WARN TaskSetManager: Lost task 22.0 in stage 44.0 (TID 1553) (pc12830.Mathematik.Uni-Marburg.DE executor driver): java.io.FileNotFoundException: /storage/home/roqaya/NovaAD_Plus/src/tmp/spark-spill/blockmgr-df92e9ff-e7c7-4d78-b1a5-2849326a78a1/36/temp_shuffle_f9ea0b98-5c34-4da0-8b9c-f66310e4c540 (No such file or directory)
	at java.base/java.io.FileOutputStream.open0(Native Method)
	at java.base/java.io.FileOutputStream.open(FileOutputStream.java:293)
	at java.base/java.io.FileOutputStream.<init>(FileOutputStream.java:235)
	at org.apache.spark.storage.DiskBlockObjectWriter.initialize(DiskBlockObjectWriter.scala:148)
	at org.apache.spark.storage.DiskBlockObjectWriter.open(DiskBlockObjectWriter.scala:168)
	at org.apache.spark.storage.DiskBlockObjectWriter.write(DiskBlockObjectWriter.scala:333)
	at org.apache.spark.shuffle.sort.BypassMergeSortShuffleWriter.write(BypassMergeSortShuffleWriter.java:174)
	at org.apache.spark.shuffle.ShuffleWriteProcessor.write(ShuffleWriteProcessor.scala:57)
	at org.apache.spark.scheduler.ShuffleMapTask.runTask(ShuffleMapTask.scala:111)
	at org.apache.spark.scheduler.ShuffleMapTask.runTask(ShuffleMapTask.scala:54)
	at org.apache.spark.TaskContext.runTaskWithListeners(TaskContext.scala:171)
	at org.apache.spark.scheduler.Task.run(Task.scala:147)
	at org.apache.spark.executor.Executor$TaskRunner.$anonfun$run$5(Executor.scala:647)
	at org.apache.spark.util.SparkErrorUtils.tryWithSafeFinally(SparkErrorUtils.scala:80)
	at org.apache.spark.util.SparkErrorUtils.tryWithSafeFinally$(SparkErrorUtils.scala:77)
	at org.apache.spark.util.Utils$.tryWithSafeFinally(Utils.scala:99)
	at org.apache.spark.executor.Executor$TaskRunner.run(Executor.scala:650)
	at java.base/java.util.concurrent.ThreadPoolExecutor.runWorker(ThreadPoolExecutor.java:1136)
	at java.base/java.util.concurrent.ThreadPoolExecutor$Worker.run(ThreadPoolExecutor.java:635)
	at java.base/java.lang.Thread.run(Thread.java:840)

26/01/22 16:59:15 WARN TaskSetManager: Lost task 15.0 in stage 44.0 (TID 1546) (pc12830.Mathematik.Uni-Marburg.DE executor driver): java.io.FileNotFoundException: /storage/home/roqaya/NovaAD_Plus/src/tmp/spark-spill/blockmgr-df92e9ff-e7c7-4d78-b1a5-2849326a78a1/01/temp_shuffle_94c50836-c469-4eca-a997-1ac059c88676 (No such file or directory)
	at java.base/java.io.FileOutputStream.open0(Native Method)
	at java.base/java.io.FileOutputStream.open(FileOutputStream.java:293)
	at java.base/java.io.FileOutputStream.<init>(FileOutputStream.java:235)
	at org.apache.spark.storage.DiskBlockObjectWriter.initialize(DiskBlockObjectWriter.scala:148)
	at org.apache.spark.storage.DiskBlockObjectWriter.open(DiskBlockObjectWriter.scala:168)
	at org.apache.spark.storage.DiskBlockObjectWriter.write(DiskBlockObjectWriter.scala:333)
	at org.apache.spark.shuffle.sort.BypassMergeSortShuffleWriter.write(BypassMergeSortShuffleWriter.java:174)
	at org.apache.spark.shuffle.ShuffleWriteProcessor.write(ShuffleWriteProcessor.scala:57)
	at org.apache.spark.scheduler.ShuffleMapTask.runTask(ShuffleMapTask.scala:111)
	at org.apache.spark.scheduler.ShuffleMapTask.runTask(ShuffleMapTask.scala:54)
	at org.apache.spark.TaskContext.runTaskWithListeners(TaskContext.scala:171)
	at org.apache.spark.scheduler.Task.run(Task.scala:147)
	at org.apache.spark.executor.Executor$TaskRunner.$anonfun$run$5(Executor.scala:647)
	at org.apache.spark.util.SparkErrorUtils.tryWithSafeFinally(SparkErrorUtils.scala:80)
	at org.apache.spark.util.SparkErrorUtils.tryWithSafeFinally$(SparkErrorUtils.scala:77)
	at org.apache.spark.util.Utils$.tryWithSafeFinally(Utils.scala:99)
	at org.apache.spark.executor.Executor$TaskRunner.run(Executor.scala:650)
	at java.base/java.util.concurrent.ThreadPoolExecutor.runWorker(ThreadPoolExecutor.java:1136)
	at java.base/java.util.concurrent.ThreadPoolExecutor$Worker.run(ThreadPoolExecutor.java:635)
	at java.base/java.lang.Thread.run(Thread.java:840)

26/01/22 16:59:15 WARN TaskSetManager: Lost task 16.0 in stage 44.0 (TID 1547) (pc12830.Mathematik.Uni-Marburg.DE executor driver): java.io.FileNotFoundException: /storage/home/roqaya/NovaAD_Plus/src/tmp/spark-spill/blockmgr-df92e9ff-e7c7-4d78-b1a5-2849326a78a1/2a/temp_shuffle_50405d2d-387e-4f81-a36b-ef70b9585fe3 (No such file or directory)
	at java.base/java.io.FileOutputStream.open0(Native Method)
	at java.base/java.io.FileOutputStream.open(FileOutputStream.java:293)
	at java.base/java.io.FileOutputStream.<init>(FileOutputStream.java:235)
	at org.apache.spark.storage.DiskBlockObjectWriter.initialize(DiskBlockObjectWriter.scala:148)
	at org.apache.spark.storage.DiskBlockObjectWriter.open(DiskBlockObjectWriter.scala:168)
	at org.apache.spark.storage.DiskBlockObjectWriter.write(DiskBlockObjectWriter.scala:333)
	at org.apache.spark.shuffle.sort.BypassMergeSortShuffleWriter.write(BypassMergeSortShuffleWriter.java:174)
	at org.apache.spark.shuffle.ShuffleWriteProcessor.write(ShuffleWriteProcessor.scala:57)
	at org.apache.spark.scheduler.ShuffleMapTask.runTask(ShuffleMapTask.scala:111)
	at org.apache.spark.scheduler.ShuffleMapTask.runTask(ShuffleMapTask.scala:54)
	at org.apache.spark.TaskContext.runTaskWithListeners(TaskContext.scala:171)
	at org.apache.spark.scheduler.Task.run(Task.scala:147)
	at org.apache.spark.executor.Executor$TaskRunner.$anonfun$run$5(Executor.scala:647)
	at org.apache.spark.util.SparkErrorUtils.tryWithSafeFinally(SparkErrorUtils.scala:80)
	at org.apache.spark.util.SparkErrorUtils.tryWithSafeFinally$(SparkErrorUtils.scala:77)
	at org.apache.spark.util.Utils$.tryWithSafeFinally(Utils.scala:99)
	at org.apache.spark.executor.Executor$TaskRunner.run(Executor.scala:650)
	at java.base/java.util.concurrent.ThreadPoolExecutor.runWorker(ThreadPoolExecutor.java:1136)
	at java.base/java.util.concurrent.ThreadPoolExecutor$Worker.run(ThreadPoolExecutor.java:635)
	at java.base/java.lang.Thread.run(Thread.java:840)

26/01/22 16:59:15 WARN TaskSetManager: Lost task 36.0 in stage 44.0 (TID 1567) (pc12830.Mathematik.Uni-Marburg.DE executor driver): java.io.FileNotFoundException: /storage/home/roqaya/NovaAD_Plus/src/tmp/spark-spill/blockmgr-df92e9ff-e7c7-4d78-b1a5-2849326a78a1/27/temp_shuffle_40fb2b27-ec7c-48e7-9ef9-32d197905a78 (No such file or directory)
	at java.base/java.io.FileOutputStream.open0(Native Method)
	at java.base/java.io.FileOutputStream.open(FileOutputStream.java:293)
	at java.base/java.io.FileOutputStream.<init>(FileOutputStream.java:235)
	at org.apache.spark.storage.DiskBlockObjectWriter.initialize(DiskBlockObjectWriter.scala:148)
	at org.apache.spark.storage.DiskBlockObjectWriter.open(DiskBlockObjectWriter.scala:168)
	at org.apache.spark.storage.DiskBlockObjectWriter.write(DiskBlockObjectWriter.scala:333)
	at org.apache.spark.shuffle.sort.BypassMergeSortShuffleWriter.write(BypassMergeSortShuffleWriter.java:174)
	at org.apache.spark.shuffle.ShuffleWriteProcessor.write(ShuffleWriteProcessor.scala:57)
	at org.apache.spark.scheduler.ShuffleMapTask.runTask(ShuffleMapTask.scala:111)
	at org.apache.spark.scheduler.ShuffleMapTask.runTask(ShuffleMapTask.scala:54)
	at org.apache.spark.TaskContext.runTaskWithListeners(TaskContext.scala:171)
	at org.apache.spark.scheduler.Task.run(Task.scala:147)
	at org.apache.spark.executor.Executor$TaskRunner.$anonfun$run$5(Executor.scala:647)
	at org.apache.spark.util.SparkErrorUtils.tryWithSafeFinally(SparkErrorUtils.scala:80)
	at org.apache.spark.util.SparkErrorUtils.tryWithSafeFinally$(SparkErrorUtils.scala:77)
	at org.apache.spark.util.Utils$.tryWithSafeFinally(Utils.scala:99)
	at org.apache.spark.executor.Executor$TaskRunner.run(Executor.scala:650)
	at java.base/java.util.concurrent.ThreadPoolExecutor.runWorker(ThreadPoolExecutor.java:1136)
	at java.base/java.util.concurrent.ThreadPoolExecutor$Worker.run(ThreadPoolExecutor.java:635)
	at java.base/java.lang.Thread.run(Thread.java:840)

26/01/22 16:59:15 WARN TaskSetManager: Lost task 2.0 in stage 44.0 (TID 1533) (pc12830.Mathematik.Uni-Marburg.DE executor driver): java.io.FileNotFoundException: /storage/home/roqaya/NovaAD_Plus/src/tmp/spark-spill/blockmgr-df92e9ff-e7c7-4d78-b1a5-2849326a78a1/2d/temp_shuffle_a5f43af0-264a-4459-bda5-7a4ee08c9e9a (No such file or directory)
	at java.base/java.io.FileOutputStream.open0(Native Method)
	at java.base/java.io.FileOutputStream.open(FileOutputStream.java:293)
	at java.base/java.io.FileOutputStream.<init>(FileOutputStream.java:235)
	at org.apache.spark.storage.DiskBlockObjectWriter.initialize(DiskBlockObjectWriter.scala:148)
	at org.apache.spark.storage.DiskBlockObjectWriter.open(DiskBlockObjectWriter.scala:168)
	at org.apache.spark.storage.DiskBlockObjectWriter.write(DiskBlockObjectWriter.scala:333)
	at org.apache.spark.shuffle.sort.BypassMergeSortShuffleWriter.write(BypassMergeSortShuffleWriter.java:174)
	at org.apache.spark.shuffle.ShuffleWriteProcessor.write(ShuffleWriteProcessor.scala:57)
	at org.apache.spark.scheduler.ShuffleMapTask.runTask(ShuffleMapTask.scala:111)
	at org.apache.spark.scheduler.ShuffleMapTask.runTask(ShuffleMapTask.scala:54)
	at org.apache.spark.TaskContext.runTaskWithListeners(TaskContext.scala:171)
	at org.apache.spark.scheduler.Task.run(Task.scala:147)
	at org.apache.spark.executor.Executor$TaskRunner.$anonfun$run$5(Executor.scala:647)
	at org.apache.spark.util.SparkErrorUtils.tryWithSafeFinally(SparkErrorUtils.scala:80)
	at org.apache.spark.util.SparkErrorUtils.tryWithSafeFinally$(SparkErrorUtils.scala:77)
	at org.apache.spark.util.Utils$.tryWithSafeFinally(Utils.scala:99)
	at org.apache.spark.executor.Executor$TaskRunner.run(Executor.scala:650)
	at java.base/java.util.concurrent.ThreadPoolExecutor.runWorker(ThreadPoolExecutor.java:1136)
	at java.base/java.util.concurrent.ThreadPoolExecutor$Worker.run(ThreadPoolExecutor.java:635)
	at java.base/java.lang.Thread.run(Thread.java:840)

26/01/22 16:59:15 WARN TaskSetManager: Lost task 56.0 in stage 44.0 (TID 1587) (pc12830.Mathematik.Uni-Marburg.DE executor driver): java.io.FileNotFoundException: /storage/home/roqaya/NovaAD_Plus/src/tmp/spark-spill/blockmgr-df92e9ff-e7c7-4d78-b1a5-2849326a78a1/29/temp_shuffle_ec32c55c-21d1-407c-b598-d922f839e4d9 (No such file or directory)
	at java.base/java.io.FileOutputStream.open0(Native Method)
	at java.base/java.io.FileOutputStream.open(FileOutputStream.java:293)
	at java.base/java.io.FileOutputStream.<init>(FileOutputStream.java:235)
	at org.apache.spark.storage.DiskBlockObjectWriter.initialize(DiskBlockObjectWriter.scala:148)
	at org.apache.spark.storage.DiskBlockObjectWriter.open(DiskBlockObjectWriter.scala:168)
	at org.apache.spark.storage.DiskBlockObjectWriter.write(DiskBlockObjectWriter.scala:333)
	at org.apache.spark.shuffle.sort.BypassMergeSortShuffleWriter.write(BypassMergeSortShuffleWriter.java:174)
	at org.apache.spark.shuffle.ShuffleWriteProcessor.write(ShuffleWriteProcessor.scala:57)
	at org.apache.spark.scheduler.ShuffleMapTask.runTask(ShuffleMapTask.scala:111)
	at org.apache.spark.scheduler.ShuffleMapTask.runTask(ShuffleMapTask.scala:54)
	at org.apache.spark.TaskContext.runTaskWithListeners(TaskContext.scala:171)
	at org.apache.spark.scheduler.Task.run(Task.scala:147)
	at org.apache.spark.executor.Executor$TaskRunner.$anonfun$run$5(Executor.scala:647)
	at org.apache.spark.util.SparkErrorUtils.tryWithSafeFinally(SparkErrorUtils.scala:80)
	at org.apache.spark.util.SparkErrorUtils.tryWithSafeFinally$(SparkErrorUtils.scala:77)
	at org.apache.spark.util.Utils$.tryWithSafeFinally(Utils.scala:99)
	at org.apache.spark.executor.Executor$TaskRunner.run(Executor.scala:650)
	at java.base/java.util.concurrent.ThreadPoolExecutor.runWorker(ThreadPoolExecutor.java:1136)
	at java.base/java.util.concurrent.ThreadPoolExecutor$Worker.run(ThreadPoolExecutor.java:635)
	at java.base/java.lang.Thread.run(Thread.java:840)

26/01/22 16:59:15 WARN TaskSetManager: Lost task 53.0 in stage 44.0 (TID 1584) (pc12830.Mathematik.Uni-Marburg.DE executor driver): java.io.FileNotFoundException: /storage/home/roqaya/NovaAD_Plus/src/tmp/spark-spill/blockmgr-df92e9ff-e7c7-4d78-b1a5-2849326a78a1/06/temp_shuffle_dbccea5b-e8bd-46d5-b276-c956acf725a3 (No such file or directory)
	at java.base/java.io.FileOutputStream.open0(Native Method)
	at java.base/java.io.FileOutputStream.open(FileOutputStream.java:293)
	at java.base/java.io.FileOutputStream.<init>(FileOutputStream.java:235)
	at org.apache.spark.storage.DiskBlockObjectWriter.initialize(DiskBlockObjectWriter.scala:148)
	at org.apache.spark.storage.DiskBlockObjectWriter.open(DiskBlockObjectWriter.scala:168)
	at org.apache.spark.storage.DiskBlockObjectWriter.write(DiskBlockObjectWriter.scala:333)
	at org.apache.spark.shuffle.sort.BypassMergeSortShuffleWriter.write(BypassMergeSortShuffleWriter.java:174)
	at org.apache.spark.shuffle.ShuffleWriteProcessor.write(ShuffleWriteProcessor.scala:57)
	at org.apache.spark.scheduler.ShuffleMapTask.runTask(ShuffleMapTask.scala:111)
	at org.apache.spark.scheduler.ShuffleMapTask.runTask(ShuffleMapTask.scala:54)
	at org.apache.spark.TaskContext.runTaskWithListeners(TaskContext.scala:171)
	at org.apache.spark.scheduler.Task.run(Task.scala:147)
	at org.apache.spark.executor.Executor$TaskRunner.$anonfun$run$5(Executor.scala:647)
	at org.apache.spark.util.SparkErrorUtils.tryWithSafeFinally(SparkErrorUtils.scala:80)
	at org.apache.spark.util.SparkErrorUtils.tryWithSafeFinally$(SparkErrorUtils.scala:77)
	at org.apache.spark.util.Utils$.tryWithSafeFinally(Utils.scala:99)
	at org.apache.spark.executor.Executor$TaskRunner.run(Executor.scala:650)
	at java.base/java.util.concurrent.ThreadPoolExecutor.runWorker(ThreadPoolExecutor.java:1136)
	at java.base/java.util.concurrent.ThreadPoolExecutor$Worker.run(ThreadPoolExecutor.java:635)
	at java.base/java.lang.Thread.run(Thread.java:840)

26/01/22 16:59:15 WARN TaskSetManager: Lost task 58.0 in stage 44.0 (TID 1589) (pc12830.Mathematik.Uni-Marburg.DE executor driver): java.io.FileNotFoundException: /storage/home/roqaya/NovaAD_Plus/src/tmp/spark-spill/blockmgr-df92e9ff-e7c7-4d78-b1a5-2849326a78a1/07/temp_shuffle_6a03f04b-02de-48c7-ab84-1d392e6ce974 (No such file or directory)
	at java.base/java.io.FileOutputStream.open0(Native Method)
	at java.base/java.io.FileOutputStream.open(FileOutputStream.java:293)
	at java.base/java.io.FileOutputStream.<init>(FileOutputStream.java:235)
	at org.apache.spark.storage.DiskBlockObjectWriter.initialize(DiskBlockObjectWriter.scala:148)
	at org.apache.spark.storage.DiskBlockObjectWriter.open(DiskBlockObjectWriter.scala:168)
	at org.apache.spark.storage.DiskBlockObjectWriter.write(DiskBlockObjectWriter.scala:333)
	at org.apache.spark.shuffle.sort.BypassMergeSortShuffleWriter.write(BypassMergeSortShuffleWriter.java:174)
	at org.apache.spark.shuffle.ShuffleWriteProcessor.write(ShuffleWriteProcessor.scala:57)
	at org.apache.spark.scheduler.ShuffleMapTask.runTask(ShuffleMapTask.scala:111)
	at org.apache.spark.scheduler.ShuffleMapTask.runTask(ShuffleMapTask.scala:54)
	at org.apache.spark.TaskContext.runTaskWithListeners(TaskContext.scala:171)
	at org.apache.spark.scheduler.Task.run(Task.scala:147)
	at org.apache.spark.executor.Executor$TaskRunner.$anonfun$run$5(Executor.scala:647)
	at org.apache.spark.util.SparkErrorUtils.tryWithSafeFinally(SparkErrorUtils.scala:80)
	at org.apache.spark.util.SparkErrorUtils.tryWithSafeFinally$(SparkErrorUtils.scala:77)
	at org.apache.spark.util.Utils$.tryWithSafeFinally(Utils.scala:99)
	at org.apache.spark.executor.Executor$TaskRunner.run(Executor.scala:650)
	at java.base/java.util.concurrent.ThreadPoolExecutor.runWorker(ThreadPoolExecutor.java:1136)
	at java.base/java.util.concurrent.ThreadPoolExecutor$Worker.run(ThreadPoolExecutor.java:635)
	at java.base/java.lang.Thread.run(Thread.java:840)

26/01/22 16:59:15 WARN TaskSetManager: Lost task 34.0 in stage 44.0 (TID 1565) (pc12830.Mathematik.Uni-Marburg.DE executor driver): java.io.FileNotFoundException: /storage/home/roqaya/NovaAD_Plus/src/tmp/spark-spill/blockmgr-df92e9ff-e7c7-4d78-b1a5-2849326a78a1/17/temp_shuffle_035de5be-aeb1-4194-8184-8f82775240e5 (No such file or directory)
	at java.base/java.io.FileOutputStream.open0(Native Method)
	at java.base/java.io.FileOutputStream.open(FileOutputStream.java:293)
	at java.base/java.io.FileOutputStream.<init>(FileOutputStream.java:235)
	at org.apache.spark.storage.DiskBlockObjectWriter.initialize(DiskBlockObjectWriter.scala:148)
	at org.apache.spark.storage.DiskBlockObjectWriter.open(DiskBlockObjectWriter.scala:168)
	at org.apache.spark.storage.DiskBlockObjectWriter.write(DiskBlockObjectWriter.scala:333)
	at org.apache.spark.shuffle.sort.BypassMergeSortShuffleWriter.write(BypassMergeSortShuffleWriter.java:174)
	at org.apache.spark.shuffle.ShuffleWriteProcessor.write(ShuffleWriteProcessor.scala:57)
	at org.apache.spark.scheduler.ShuffleMapTask.runTask(ShuffleMapTask.scala:111)
	at org.apache.spark.scheduler.ShuffleMapTask.runTask(ShuffleMapTask.scala:54)
	at org.apache.spark.TaskContext.runTaskWithListeners(TaskContext.scala:171)
	at org.apache.spark.scheduler.Task.run(Task.scala:147)
	at org.apache.spark.executor.Executor$TaskRunner.$anonfun$run$5(Executor.scala:647)
	at org.apache.spark.util.SparkErrorUtils.tryWithSafeFinally(SparkErrorUtils.scala:80)
	at org.apache.spark.util.SparkErrorUtils.tryWithSafeFinally$(SparkErrorUtils.scala:77)
	at org.apache.spark.util.Utils$.tryWithSafeFinally(Utils.scala:99)
	at org.apache.spark.executor.Executor$TaskRunner.run(Executor.scala:650)
	at java.base/java.util.concurrent.ThreadPoolExecutor.runWorker(ThreadPoolExecutor.java:1136)
	at java.base/java.util.concurrent.ThreadPoolExecutor$Worker.run(ThreadPoolExecutor.java:635)
	at java.base/java.lang.Thread.run(Thread.java:840)

26/01/22 16:59:15 WARN TaskSetManager: Lost task 10.0 in stage 44.0 (TID 1541) (pc12830.Mathematik.Uni-Marburg.DE executor driver): java.io.FileNotFoundException: /storage/home/roqaya/NovaAD_Plus/src/tmp/spark-spill/blockmgr-df92e9ff-e7c7-4d78-b1a5-2849326a78a1/21/temp_shuffle_fed76ce8-5a5a-41eb-8711-0798fbf8907e (No such file or directory)
	at java.base/java.io.FileOutputStream.open0(Native Method)
	at java.base/java.io.FileOutputStream.open(FileOutputStream.java:293)
	at java.base/java.io.FileOutputStream.<init>(FileOutputStream.java:235)
	at org.apache.spark.storage.DiskBlockObjectWriter.initialize(DiskBlockObjectWriter.scala:148)
	at org.apache.spark.storage.DiskBlockObjectWriter.open(DiskBlockObjectWriter.scala:168)
	at org.apache.spark.storage.DiskBlockObjectWriter.write(DiskBlockObjectWriter.scala:333)
	at org.apache.spark.shuffle.sort.BypassMergeSortShuffleWriter.write(BypassMergeSortShuffleWriter.java:174)
	at org.apache.spark.shuffle.ShuffleWriteProcessor.write(ShuffleWriteProcessor.scala:57)
	at org.apache.spark.scheduler.ShuffleMapTask.runTask(ShuffleMapTask.scala:111)
	at org.apache.spark.scheduler.ShuffleMapTask.runTask(ShuffleMapTask.scala:54)
	at org.apache.spark.TaskContext.runTaskWithListeners(TaskContext.scala:171)
	at org.apache.spark.scheduler.Task.run(Task.scala:147)
	at org.apache.spark.executor.Executor$TaskRunner.$anonfun$run$5(Executor.scala:647)
	at org.apache.spark.util.SparkErrorUtils.tryWithSafeFinally(SparkErrorUtils.scala:80)
	at org.apache.spark.util.SparkErrorUtils.tryWithSafeFinally$(SparkErrorUtils.scala:77)
	at org.apache.spark.util.Utils$.tryWithSafeFinally(Utils.scala:99)
	at org.apache.spark.executor.Executor$TaskRunner.run(Executor.scala:650)
	at java.base/java.util.concurrent.ThreadPoolExecutor.runWorker(ThreadPoolExecutor.java:1136)
	at java.base/java.util.concurrent.ThreadPoolExecutor$Worker.run(ThreadPoolExecutor.java:635)
	at java.base/java.lang.Thread.run(Thread.java:840)

26/01/22 16:59:15 WARN TaskSetManager: Lost task 7.0 in stage 44.0 (TID 1538) (pc12830.Mathematik.Uni-Marburg.DE executor driver): java.io.FileNotFoundException: /storage/home/roqaya/NovaAD_Plus/src/tmp/spark-spill/blockmgr-df92e9ff-e7c7-4d78-b1a5-2849326a78a1/2f/temp_shuffle_f6b91fde-129e-4876-92b4-ae7afde1b12a (No such file or directory)
	at java.base/java.io.FileOutputStream.open0(Native Method)
	at java.base/java.io.FileOutputStream.open(FileOutputStream.java:293)
	at java.base/java.io.FileOutputStream.<init>(FileOutputStream.java:235)
	at org.apache.spark.storage.DiskBlockObjectWriter.initialize(DiskBlockObjectWriter.scala:148)
	at org.apache.spark.storage.DiskBlockObjectWriter.open(DiskBlockObjectWriter.scala:168)
	at org.apache.spark.storage.DiskBlockObjectWriter.write(DiskBlockObjectWriter.scala:333)
	at org.apache.spark.shuffle.sort.BypassMergeSortShuffleWriter.write(BypassMergeSortShuffleWriter.java:174)
	at org.apache.spark.shuffle.ShuffleWriteProcessor.write(ShuffleWriteProcessor.scala:57)
	at org.apache.spark.scheduler.ShuffleMapTask.runTask(ShuffleMapTask.scala:111)
	at org.apache.spark.scheduler.ShuffleMapTask.runTask(ShuffleMapTask.scala:54)
	at org.apache.spark.TaskContext.runTaskWithListeners(TaskContext.scala:171)
	at org.apache.spark.scheduler.Task.run(Task.scala:147)
	at org.apache.spark.executor.Executor$TaskRunner.$anonfun$run$5(Executor.scala:647)
	at org.apache.spark.util.SparkErrorUtils.tryWithSafeFinally(SparkErrorUtils.scala:80)
	at org.apache.spark.util.SparkErrorUtils.tryWithSafeFinally$(SparkErrorUtils.scala:77)
	at org.apache.spark.util.Utils$.tryWithSafeFinally(Utils.scala:99)
	at org.apache.spark.executor.Executor$TaskRunner.run(Executor.scala:650)
	at java.base/java.util.concurrent.ThreadPoolExecutor.runWorker(ThreadPoolExecutor.java:1136)
	at java.base/java.util.concurrent.ThreadPoolExecutor$Worker.run(ThreadPoolExecutor.java:635)
	at java.base/java.lang.Thread.run(Thread.java:840)

26/01/22 16:59:15 WARN TaskSetManager: Lost task 5.0 in stage 44.0 (TID 1536) (pc12830.Mathematik.Uni-Marburg.DE executor driver): java.io.FileNotFoundException: /storage/home/roqaya/NovaAD_Plus/src/tmp/spark-spill/blockmgr-df92e9ff-e7c7-4d78-b1a5-2849326a78a1/3b/temp_shuffle_2ba761b7-d42e-443e-a717-67e17b59a671 (No such file or directory)
	at java.base/java.io.FileOutputStream.open0(Native Method)
	at java.base/java.io.FileOutputStream.open(FileOutputStream.java:293)
	at java.base/java.io.FileOutputStream.<init>(FileOutputStream.java:235)
	at org.apache.spark.storage.DiskBlockObjectWriter.initialize(DiskBlockObjectWriter.scala:148)
	at org.apache.spark.storage.DiskBlockObjectWriter.open(DiskBlockObjectWriter.scala:168)
	at org.apache.spark.storage.DiskBlockObjectWriter.write(DiskBlockObjectWriter.scala:333)
	at org.apache.spark.shuffle.sort.BypassMergeSortShuffleWriter.write(BypassMergeSortShuffleWriter.java:174)
	at org.apache.spark.shuffle.ShuffleWriteProcessor.write(ShuffleWriteProcessor.scala:57)
	at org.apache.spark.scheduler.ShuffleMapTask.runTask(ShuffleMapTask.scala:111)
	at org.apache.spark.scheduler.ShuffleMapTask.runTask(ShuffleMapTask.scala:54)
	at org.apache.spark.TaskContext.runTaskWithListeners(TaskContext.scala:171)
	at org.apache.spark.scheduler.Task.run(Task.scala:147)
	at org.apache.spark.executor.Executor$TaskRunner.$anonfun$run$5(Executor.scala:647)
	at org.apache.spark.util.SparkErrorUtils.tryWithSafeFinally(SparkErrorUtils.scala:80)
	at org.apache.spark.util.SparkErrorUtils.tryWithSafeFinally$(SparkErrorUtils.scala:77)
	at org.apache.spark.util.Utils$.tryWithSafeFinally(Utils.scala:99)
	at org.apache.spark.executor.Executor$TaskRunner.run(Executor.scala:650)
	at java.base/java.util.concurrent.ThreadPoolExecutor.runWorker(ThreadPoolExecutor.java:1136)
	at java.base/java.util.concurrent.ThreadPoolExecutor$Worker.run(ThreadPoolExecutor.java:635)
	at java.base/java.lang.Thread.run(Thread.java:840)

26/01/22 16:59:15 WARN TaskSetManager: Lost task 4.0 in stage 44.0 (TID 1535) (pc12830.Mathematik.Uni-Marburg.DE executor driver): java.io.FileNotFoundException: /storage/home/roqaya/NovaAD_Plus/src/tmp/spark-spill/blockmgr-df92e9ff-e7c7-4d78-b1a5-2849326a78a1/1a/temp_shuffle_10d63c69-7f6a-4c9c-94b5-2aa9696c5321 (No such file or directory)
	at java.base/java.io.FileOutputStream.open0(Native Method)
	at java.base/java.io.FileOutputStream.open(FileOutputStream.java:293)
	at java.base/java.io.FileOutputStream.<init>(FileOutputStream.java:235)
	at org.apache.spark.storage.DiskBlockObjectWriter.initialize(DiskBlockObjectWriter.scala:148)
	at org.apache.spark.storage.DiskBlockObjectWriter.open(DiskBlockObjectWriter.scala:168)
	at org.apache.spark.storage.DiskBlockObjectWriter.write(DiskBlockObjectWriter.scala:333)
	at org.apache.spark.shuffle.sort.BypassMergeSortShuffleWriter.write(BypassMergeSortShuffleWriter.java:174)
	at org.apache.spark.shuffle.ShuffleWriteProcessor.write(ShuffleWriteProcessor.scala:57)
	at org.apache.spark.scheduler.ShuffleMapTask.runTask(ShuffleMapTask.scala:111)
	at org.apache.spark.scheduler.ShuffleMapTask.runTask(ShuffleMapTask.scala:54)
	at org.apache.spark.TaskContext.runTaskWithListeners(TaskContext.scala:171)
	at org.apache.spark.scheduler.Task.run(Task.scala:147)
	at org.apache.spark.executor.Executor$TaskRunner.$anonfun$run$5(Executor.scala:647)
	at org.apache.spark.util.SparkErrorUtils.tryWithSafeFinally(SparkErrorUtils.scala:80)
	at org.apache.spark.util.SparkErrorUtils.tryWithSafeFinally$(SparkErrorUtils.scala:77)
	at org.apache.spark.util.Utils$.tryWithSafeFinally(Utils.scala:99)
	at org.apache.spark.executor.Executor$TaskRunner.run(Executor.scala:650)
	at java.base/java.util.concurrent.ThreadPoolExecutor.runWorker(ThreadPoolExecutor.java:1136)
	at java.base/java.util.concurrent.ThreadPoolExecutor$Worker.run(ThreadPoolExecutor.java:635)
	at java.base/java.lang.Thread.run(Thread.java:840)

26/01/22 16:59:15 WARN TaskSetManager: Lost task 38.0 in stage 44.0 (TID 1569) (pc12830.Mathematik.Uni-Marburg.DE executor driver): java.io.FileNotFoundException: /storage/home/roqaya/NovaAD_Plus/src/tmp/spark-spill/blockmgr-df92e9ff-e7c7-4d78-b1a5-2849326a78a1/21/temp_shuffle_4ec7f2c5-f2db-49bc-a848-a1dafae95a35 (No such file or directory)
	at java.base/java.io.FileOutputStream.open0(Native Method)
	at java.base/java.io.FileOutputStream.open(FileOutputStream.java:293)
	at java.base/java.io.FileOutputStream.<init>(FileOutputStream.java:235)
	at org.apache.spark.storage.DiskBlockObjectWriter.initialize(DiskBlockObjectWriter.scala:148)
	at org.apache.spark.storage.DiskBlockObjectWriter.open(DiskBlockObjectWriter.scala:168)
	at org.apache.spark.storage.DiskBlockObjectWriter.write(DiskBlockObjectWriter.scala:333)
	at org.apache.spark.shuffle.sort.BypassMergeSortShuffleWriter.write(BypassMergeSortShuffleWriter.java:174)
	at org.apache.spark.shuffle.ShuffleWriteProcessor.write(ShuffleWriteProcessor.scala:57)
	at org.apache.spark.scheduler.ShuffleMapTask.runTask(ShuffleMapTask.scala:111)
	at org.apache.spark.scheduler.ShuffleMapTask.runTask(ShuffleMapTask.scala:54)
	at org.apache.spark.TaskContext.runTaskWithListeners(TaskContext.scala:171)
	at org.apache.spark.scheduler.Task.run(Task.scala:147)
	at org.apache.spark.executor.Executor$TaskRunner.$anonfun$run$5(Executor.scala:647)
	at org.apache.spark.util.SparkErrorUtils.tryWithSafeFinally(SparkErrorUtils.scala:80)
	at org.apache.spark.util.SparkErrorUtils.tryWithSafeFinally$(SparkErrorUtils.scala:77)
	at org.apache.spark.util.Utils$.tryWithSafeFinally(Utils.scala:99)
	at org.apache.spark.executor.Executor$TaskRunner.run(Executor.scala:650)
	at java.base/java.util.concurrent.ThreadPoolExecutor.runWorker(ThreadPoolExecutor.java:1136)
	at java.base/java.util.concurrent.ThreadPoolExecutor$Worker.run(ThreadPoolExecutor.java:635)
	at java.base/java.lang.Thread.run(Thread.java:840)

26/01/22 16:59:15 WARN TaskSetManager: Lost task 43.0 in stage 44.0 (TID 1574) (pc12830.Mathematik.Uni-Marburg.DE executor driver): java.io.FileNotFoundException: /storage/home/roqaya/NovaAD_Plus/src/tmp/spark-spill/blockmgr-df92e9ff-e7c7-4d78-b1a5-2849326a78a1/02/temp_shuffle_d9b257f2-b4b8-4a4d-9d8a-9056db82df8c (No such file or directory)
	at java.base/java.io.FileOutputStream.open0(Native Method)
	at java.base/java.io.FileOutputStream.open(FileOutputStream.java:293)
	at java.base/java.io.FileOutputStream.<init>(FileOutputStream.java:235)
	at org.apache.spark.storage.DiskBlockObjectWriter.initialize(DiskBlockObjectWriter.scala:148)
	at org.apache.spark.storage.DiskBlockObjectWriter.open(DiskBlockObjectWriter.scala:168)
	at org.apache.spark.storage.DiskBlockObjectWriter.write(DiskBlockObjectWriter.scala:333)
	at org.apache.spark.shuffle.sort.BypassMergeSortShuffleWriter.write(BypassMergeSortShuffleWriter.java:174)
	at org.apache.spark.shuffle.ShuffleWriteProcessor.write(ShuffleWriteProcessor.scala:57)
	at org.apache.spark.scheduler.ShuffleMapTask.runTask(ShuffleMapTask.scala:111)
	at org.apache.spark.scheduler.ShuffleMapTask.runTask(ShuffleMapTask.scala:54)
	at org.apache.spark.TaskContext.runTaskWithListeners(TaskContext.scala:171)
	at org.apache.spark.scheduler.Task.run(Task.scala:147)
	at org.apache.spark.executor.Executor$TaskRunner.$anonfun$run$5(Executor.scala:647)
	at org.apache.spark.util.SparkErrorUtils.tryWithSafeFinally(SparkErrorUtils.scala:80)
	at org.apache.spark.util.SparkErrorUtils.tryWithSafeFinally$(SparkErrorUtils.scala:77)
	at org.apache.spark.util.Utils$.tryWithSafeFinally(Utils.scala:99)
	at org.apache.spark.executor.Executor$TaskRunner.run(Executor.scala:650)
	at java.base/java.util.concurrent.ThreadPoolExecutor.runWorker(ThreadPoolExecutor.java:1136)
	at java.base/java.util.concurrent.ThreadPoolExecutor$Worker.run(ThreadPoolExecutor.java:635)
	at java.base/java.lang.Thread.run(Thread.java:840)

26/01/22 16:59:15 WARN TaskSetManager: Lost task 48.0 in stage 44.0 (TID 1579) (pc12830.Mathematik.Uni-Marburg.DE executor driver): java.io.FileNotFoundException: /storage/home/roqaya/NovaAD_Plus/src/tmp/spark-spill/blockmgr-df92e9ff-e7c7-4d78-b1a5-2849326a78a1/19/temp_shuffle_868e7360-8471-44cf-b176-08270b15c7f7 (No such file or directory)
	at java.base/java.io.FileOutputStream.open0(Native Method)
	at java.base/java.io.FileOutputStream.open(FileOutputStream.java:293)
	at java.base/java.io.FileOutputStream.<init>(FileOutputStream.java:235)
	at org.apache.spark.storage.DiskBlockObjectWriter.initialize(DiskBlockObjectWriter.scala:148)
	at org.apache.spark.storage.DiskBlockObjectWriter.open(DiskBlockObjectWriter.scala:168)
	at org.apache.spark.storage.DiskBlockObjectWriter.write(DiskBlockObjectWriter.scala:333)
	at org.apache.spark.shuffle.sort.BypassMergeSortShuffleWriter.write(BypassMergeSortShuffleWriter.java:174)
	at org.apache.spark.shuffle.ShuffleWriteProcessor.write(ShuffleWriteProcessor.scala:57)
	at org.apache.spark.scheduler.ShuffleMapTask.runTask(ShuffleMapTask.scala:111)
	at org.apache.spark.scheduler.ShuffleMapTask.runTask(ShuffleMapTask.scala:54)
	at org.apache.spark.TaskContext.runTaskWithListeners(TaskContext.scala:171)
	at org.apache.spark.scheduler.Task.run(Task.scala:147)
	at org.apache.spark.executor.Executor$TaskRunner.$anonfun$run$5(Executor.scala:647)
	at org.apache.spark.util.SparkErrorUtils.tryWithSafeFinally(SparkErrorUtils.scala:80)
	at org.apache.spark.util.SparkErrorUtils.tryWithSafeFinally$(SparkErrorUtils.scala:77)
	at org.apache.spark.util.Utils$.tryWithSafeFinally(Utils.scala:99)
	at org.apache.spark.executor.Executor$TaskRunner.run(Executor.scala:650)
	at java.base/java.util.concurrent.ThreadPoolExecutor.runWorker(ThreadPoolExecutor.java:1136)
	at java.base/java.util.concurrent.ThreadPoolExecutor$Worker.run(ThreadPoolExecutor.java:635)
	at java.base/java.lang.Thread.run(Thread.java:840)

26/01/22 16:59:15 WARN TaskSetManager: Lost task 33.0 in stage 44.0 (TID 1564) (pc12830.Mathematik.Uni-Marburg.DE executor driver): java.io.FileNotFoundException: /storage/home/roqaya/NovaAD_Plus/src/tmp/spark-spill/blockmgr-df92e9ff-e7c7-4d78-b1a5-2849326a78a1/1f/temp_shuffle_3228d9e6-4b28-4dfa-9c99-382222fcff2f (No such file or directory)
	at java.base/java.io.FileOutputStream.open0(Native Method)
	at java.base/java.io.FileOutputStream.open(FileOutputStream.java:293)
	at java.base/java.io.FileOutputStream.<init>(FileOutputStream.java:235)
	at org.apache.spark.storage.DiskBlockObjectWriter.initialize(DiskBlockObjectWriter.scala:148)
	at org.apache.spark.storage.DiskBlockObjectWriter.open(DiskBlockObjectWriter.scala:168)
	at org.apache.spark.storage.DiskBlockObjectWriter.write(DiskBlockObjectWriter.scala:333)
	at org.apache.spark.shuffle.sort.BypassMergeSortShuffleWriter.write(BypassMergeSortShuffleWriter.java:174)
	at org.apache.spark.shuffle.ShuffleWriteProcessor.write(ShuffleWriteProcessor.scala:57)
	at org.apache.spark.scheduler.ShuffleMapTask.runTask(ShuffleMapTask.scala:111)
	at org.apache.spark.scheduler.ShuffleMapTask.runTask(ShuffleMapTask.scala:54)
	at org.apache.spark.TaskContext.runTaskWithListeners(TaskContext.scala:171)
	at org.apache.spark.scheduler.Task.run(Task.scala:147)
	at org.apache.spark.executor.Executor$TaskRunner.$anonfun$run$5(Executor.scala:647)
	at org.apache.spark.util.SparkErrorUtils.tryWithSafeFinally(SparkErrorUtils.scala:80)
	at org.apache.spark.util.SparkErrorUtils.tryWithSafeFinally$(SparkErrorUtils.scala:77)
	at org.apache.spark.util.Utils$.tryWithSafeFinally(Utils.scala:99)
	at org.apache.spark.executor.Executor$TaskRunner.run(Executor.scala:650)
	at java.base/java.util.concurrent.ThreadPoolExecutor.runWorker(ThreadPoolExecutor.java:1136)
	at java.base/java.util.concurrent.ThreadPoolExecutor$Worker.run(ThreadPoolExecutor.java:635)
	at java.base/java.lang.Thread.run(Thread.java:840)

26/01/22 16:59:15 WARN TaskSetManager: Lost task 54.0 in stage 44.0 (TID 1585) (pc12830.Mathematik.Uni-Marburg.DE executor driver): java.io.FileNotFoundException: /storage/home/roqaya/NovaAD_Plus/src/tmp/spark-spill/blockmgr-df92e9ff-e7c7-4d78-b1a5-2849326a78a1/33/temp_shuffle_e207e057-e239-43fe-ae3a-33625b9dfde5 (No such file or directory)
	at java.base/java.io.FileOutputStream.open0(Native Method)
	at java.base/java.io.FileOutputStream.open(FileOutputStream.java:293)
	at java.base/java.io.FileOutputStream.<init>(FileOutputStream.java:235)
	at org.apache.spark.storage.DiskBlockObjectWriter.initialize(DiskBlockObjectWriter.scala:148)
	at org.apache.spark.storage.DiskBlockObjectWriter.open(DiskBlockObjectWriter.scala:168)
	at org.apache.spark.storage.DiskBlockObjectWriter.write(DiskBlockObjectWriter.scala:333)
	at org.apache.spark.shuffle.sort.BypassMergeSortShuffleWriter.write(BypassMergeSortShuffleWriter.java:174)
	at org.apache.spark.shuffle.ShuffleWriteProcessor.write(ShuffleWriteProcessor.scala:57)
	at org.apache.spark.scheduler.ShuffleMapTask.runTask(ShuffleMapTask.scala:111)
	at org.apache.spark.scheduler.ShuffleMapTask.runTask(ShuffleMapTask.scala:54)
	at org.apache.spark.TaskContext.runTaskWithListeners(TaskContext.scala:171)
	at org.apache.spark.scheduler.Task.run(Task.scala:147)
	at org.apache.spark.executor.Executor$TaskRunner.$anonfun$run$5(Executor.scala:647)
	at org.apache.spark.util.SparkErrorUtils.tryWithSafeFinally(SparkErrorUtils.scala:80)
	at org.apache.spark.util.SparkErrorUtils.tryWithSafeFinally$(SparkErrorUtils.scala:77)
	at org.apache.spark.util.Utils$.tryWithSafeFinally(Utils.scala:99)
	at org.apache.spark.executor.Executor$TaskRunner.run(Executor.scala:650)
	at java.base/java.util.concurrent.ThreadPoolExecutor.runWorker(ThreadPoolExecutor.java:1136)
	at java.base/java.util.concurrent.ThreadPoolExecutor$Worker.run(ThreadPoolExecutor.java:635)
	at java.base/java.lang.Thread.run(Thread.java:840)

26/01/22 16:59:15 WARN TaskSetManager: Lost task 47.0 in stage 44.0 (TID 1578) (pc12830.Mathematik.Uni-Marburg.DE executor driver): java.io.FileNotFoundException: /storage/home/roqaya/NovaAD_Plus/src/tmp/spark-spill/blockmgr-df92e9ff-e7c7-4d78-b1a5-2849326a78a1/3c/temp_shuffle_3ec4356d-4b0c-422e-adc2-3f1f4e2c2cba (No such file or directory)
	at java.base/java.io.FileOutputStream.open0(Native Method)
	at java.base/java.io.FileOutputStream.open(FileOutputStream.java:293)
	at java.base/java.io.FileOutputStream.<init>(FileOutputStream.java:235)
	at org.apache.spark.storage.DiskBlockObjectWriter.initialize(DiskBlockObjectWriter.scala:148)
	at org.apache.spark.storage.DiskBlockObjectWriter.open(DiskBlockObjectWriter.scala:168)
	at org.apache.spark.storage.DiskBlockObjectWriter.write(DiskBlockObjectWriter.scala:333)
	at org.apache.spark.shuffle.sort.BypassMergeSortShuffleWriter.write(BypassMergeSortShuffleWriter.java:174)
	at org.apache.spark.shuffle.ShuffleWriteProcessor.write(ShuffleWriteProcessor.scala:57)
	at org.apache.spark.scheduler.ShuffleMapTask.runTask(ShuffleMapTask.scala:111)
	at org.apache.spark.scheduler.ShuffleMapTask.runTask(ShuffleMapTask.scala:54)
	at org.apache.spark.TaskContext.runTaskWithListeners(TaskContext.scala:171)
	at org.apache.spark.scheduler.Task.run(Task.scala:147)
	at org.apache.spark.executor.Executor$TaskRunner.$anonfun$run$5(Executor.scala:647)
	at org.apache.spark.util.SparkErrorUtils.tryWithSafeFinally(SparkErrorUtils.scala:80)
	at org.apache.spark.util.SparkErrorUtils.tryWithSafeFinally$(SparkErrorUtils.scala:77)
	at org.apache.spark.util.Utils$.tryWithSafeFinally(Utils.scala:99)
	at org.apache.spark.executor.Executor$TaskRunner.run(Executor.scala:650)
	at java.base/java.util.concurrent.ThreadPoolExecutor.runWorker(ThreadPoolExecutor.java:1136)
	at java.base/java.util.concurrent.ThreadPoolExecutor$Worker.run(ThreadPoolExecutor.java:635)
	at java.base/java.lang.Thread.run(Thread.java:840)

26/01/22 16:59:15 WARN TaskSetManager: Lost task 49.0 in stage 44.0 (TID 1580) (pc12830.Mathematik.Uni-Marburg.DE executor driver): java.io.FileNotFoundException: /storage/home/roqaya/NovaAD_Plus/src/tmp/spark-spill/blockmgr-df92e9ff-e7c7-4d78-b1a5-2849326a78a1/03/temp_shuffle_f139420a-ed81-4073-80b8-e15f122f7d23 (No such file or directory)
	at java.base/java.io.FileOutputStream.open0(Native Method)
	at java.base/java.io.FileOutputStream.open(FileOutputStream.java:293)
	at java.base/java.io.FileOutputStream.<init>(FileOutputStream.java:235)
	at org.apache.spark.storage.DiskBlockObjectWriter.initialize(DiskBlockObjectWriter.scala:148)
	at org.apache.spark.storage.DiskBlockObjectWriter.open(DiskBlockObjectWriter.scala:168)
	at org.apache.spark.storage.DiskBlockObjectWriter.write(DiskBlockObjectWriter.scala:333)
	at org.apache.spark.shuffle.sort.BypassMergeSortShuffleWriter.write(BypassMergeSortShuffleWriter.java:174)
	at org.apache.spark.shuffle.ShuffleWriteProcessor.write(ShuffleWriteProcessor.scala:57)
	at org.apache.spark.scheduler.ShuffleMapTask.runTask(ShuffleMapTask.scala:111)
	at org.apache.spark.scheduler.ShuffleMapTask.runTask(ShuffleMapTask.scala:54)
	at org.apache.spark.TaskContext.runTaskWithListeners(TaskContext.scala:171)
	at org.apache.spark.scheduler.Task.run(Task.scala:147)
	at org.apache.spark.executor.Executor$TaskRunner.$anonfun$run$5(Executor.scala:647)
	at org.apache.spark.util.SparkErrorUtils.tryWithSafeFinally(SparkErrorUtils.scala:80)
	at org.apache.spark.util.SparkErrorUtils.tryWithSafeFinally$(SparkErrorUtils.scala:77)
	at org.apache.spark.util.Utils$.tryWithSafeFinally(Utils.scala:99)
	at org.apache.spark.executor.Executor$TaskRunner.run(Executor.scala:650)
	at java.base/java.util.concurrent.ThreadPoolExecutor.runWorker(ThreadPoolExecutor.java:1136)
	at java.base/java.util.concurrent.ThreadPoolExecutor$Worker.run(ThreadPoolExecutor.java:635)
	at java.base/java.lang.Thread.run(Thread.java:840)

26/01/22 16:59:15 WARN TaskSetManager: Lost task 1.0 in stage 44.0 (TID 1532) (pc12830.Mathematik.Uni-Marburg.DE executor driver): java.io.FileNotFoundException: /storage/home/roqaya/NovaAD_Plus/src/tmp/spark-spill/blockmgr-df92e9ff-e7c7-4d78-b1a5-2849326a78a1/2c/temp_shuffle_6519375c-349d-4d65-b46d-b596b7335436 (No such file or directory)
	at java.base/java.io.FileOutputStream.open0(Native Method)
	at java.base/java.io.FileOutputStream.open(FileOutputStream.java:293)
	at java.base/java.io.FileOutputStream.<init>(FileOutputStream.java:235)
	at org.apache.spark.storage.DiskBlockObjectWriter.initialize(DiskBlockObjectWriter.scala:148)
	at org.apache.spark.storage.DiskBlockObjectWriter.open(DiskBlockObjectWriter.scala:168)
	at org.apache.spark.storage.DiskBlockObjectWriter.write(DiskBlockObjectWriter.scala:333)
	at org.apache.spark.shuffle.sort.BypassMergeSortShuffleWriter.write(BypassMergeSortShuffleWriter.java:174)
	at org.apache.spark.shuffle.ShuffleWriteProcessor.write(ShuffleWriteProcessor.scala:57)
	at org.apache.spark.scheduler.ShuffleMapTask.runTask(ShuffleMapTask.scala:111)
	at org.apache.spark.scheduler.ShuffleMapTask.runTask(ShuffleMapTask.scala:54)
	at org.apache.spark.TaskContext.runTaskWithListeners(TaskContext.scala:171)
	at org.apache.spark.scheduler.Task.run(Task.scala:147)
	at org.apache.spark.executor.Executor$TaskRunner.$anonfun$run$5(Executor.scala:647)
	at org.apache.spark.util.SparkErrorUtils.tryWithSafeFinally(SparkErrorUtils.scala:80)
	at org.apache.spark.util.SparkErrorUtils.tryWithSafeFinally$(SparkErrorUtils.scala:77)
	at org.apache.spark.util.Utils$.tryWithSafeFinally(Utils.scala:99)
	at org.apache.spark.executor.Executor$TaskRunner.run(Executor.scala:650)
	at java.base/java.util.concurrent.ThreadPoolExecutor.runWorker(ThreadPoolExecutor.java:1136)
	at java.base/java.util.concurrent.ThreadPoolExecutor$Worker.run(ThreadPoolExecutor.java:635)
	at java.base/java.lang.Thread.run(Thread.java:840)

26/01/22 16:59:15 WARN TaskSetManager: Lost task 20.0 in stage 44.0 (TID 1551) (pc12830.Mathematik.Uni-Marburg.DE executor driver): java.io.FileNotFoundException: /storage/home/roqaya/NovaAD_Plus/src/tmp/spark-spill/blockmgr-df92e9ff-e7c7-4d78-b1a5-2849326a78a1/05/temp_shuffle_0b0e63c7-fca0-442a-8cdc-7d7b693ae995 (No such file or directory)
	at java.base/java.io.FileOutputStream.open0(Native Method)
	at java.base/java.io.FileOutputStream.open(FileOutputStream.java:293)
	at java.base/java.io.FileOutputStream.<init>(FileOutputStream.java:235)
	at org.apache.spark.storage.DiskBlockObjectWriter.initialize(DiskBlockObjectWriter.scala:148)
	at org.apache.spark.storage.DiskBlockObjectWriter.open(DiskBlockObjectWriter.scala:168)
	at org.apache.spark.storage.DiskBlockObjectWriter.write(DiskBlockObjectWriter.scala:333)
	at org.apache.spark.shuffle.sort.BypassMergeSortShuffleWriter.write(BypassMergeSortShuffleWriter.java:174)
	at org.apache.spark.shuffle.ShuffleWriteProcessor.write(ShuffleWriteProcessor.scala:57)
	at org.apache.spark.scheduler.ShuffleMapTask.runTask(ShuffleMapTask.scala:111)
	at org.apache.spark.scheduler.ShuffleMapTask.runTask(ShuffleMapTask.scala:54)
	at org.apache.spark.TaskContext.runTaskWithListeners(TaskContext.scala:171)
	at org.apache.spark.scheduler.Task.run(Task.scala:147)
	at org.apache.spark.executor.Executor$TaskRunner.$anonfun$run$5(Executor.scala:647)
	at org.apache.spark.util.SparkErrorUtils.tryWithSafeFinally(SparkErrorUtils.scala:80)
	at org.apache.spark.util.SparkErrorUtils.tryWithSafeFinally$(SparkErrorUtils.scala:77)
	at org.apache.spark.util.Utils$.tryWithSafeFinally(Utils.scala:99)
	at org.apache.spark.executor.Executor$TaskRunner.run(Executor.scala:650)
	at java.base/java.util.concurrent.ThreadPoolExecutor.runWorker(ThreadPoolExecutor.java:1136)
	at java.base/java.util.concurrent.ThreadPoolExecutor$Worker.run(ThreadPoolExecutor.java:635)
	at java.base/java.lang.Thread.run(Thread.java:840)

26/01/22 16:59:15 WARN TaskSetManager: Lost task 8.0 in stage 44.0 (TID 1539) (pc12830.Mathematik.Uni-Marburg.DE executor driver): java.io.FileNotFoundException: /storage/home/roqaya/NovaAD_Plus/src/tmp/spark-spill/blockmgr-df92e9ff-e7c7-4d78-b1a5-2849326a78a1/04/temp_shuffle_530fe739-ad21-4d7e-8d14-7fa0671ff0fb (No such file or directory)
	at java.base/java.io.FileOutputStream.open0(Native Method)
	at java.base/java.io.FileOutputStream.open(FileOutputStream.java:293)
	at java.base/java.io.FileOutputStream.<init>(FileOutputStream.java:235)
	at org.apache.spark.storage.DiskBlockObjectWriter.initialize(DiskBlockObjectWriter.scala:148)
	at org.apache.spark.storage.DiskBlockObjectWriter.open(DiskBlockObjectWriter.scala:168)
	at org.apache.spark.storage.DiskBlockObjectWriter.write(DiskBlockObjectWriter.scala:333)
	at org.apache.spark.shuffle.sort.BypassMergeSortShuffleWriter.write(BypassMergeSortShuffleWriter.java:174)
	at org.apache.spark.shuffle.ShuffleWriteProcessor.write(ShuffleWriteProcessor.scala:57)
	at org.apache.spark.scheduler.ShuffleMapTask.runTask(ShuffleMapTask.scala:111)
	at org.apache.spark.scheduler.ShuffleMapTask.runTask(ShuffleMapTask.scala:54)
	at org.apache.spark.TaskContext.runTaskWithListeners(TaskContext.scala:171)
	at org.apache.spark.scheduler.Task.run(Task.scala:147)
	at org.apache.spark.executor.Executor$TaskRunner.$anonfun$run$5(Executor.scala:647)
	at org.apache.spark.util.SparkErrorUtils.tryWithSafeFinally(SparkErrorUtils.scala:80)
	at org.apache.spark.util.SparkErrorUtils.tryWithSafeFinally$(SparkErrorUtils.scala:77)
	at org.apache.spark.util.Utils$.tryWithSafeFinally(Utils.scala:99)
	at org.apache.spark.executor.Executor$TaskRunner.run(Executor.scala:650)
	at java.base/java.util.concurrent.ThreadPoolExecutor.runWorker(ThreadPoolExecutor.java:1136)
	at java.base/java.util.concurrent.ThreadPoolExecutor$Worker.run(ThreadPoolExecutor.java:635)
	at java.base/java.lang.Thread.run(Thread.java:840)

26/01/22 16:59:15 WARN TaskSetManager: Lost task 14.0 in stage 44.0 (TID 1545) (pc12830.Mathematik.Uni-Marburg.DE executor driver): java.io.FileNotFoundException: /storage/home/roqaya/NovaAD_Plus/src/tmp/spark-spill/blockmgr-df92e9ff-e7c7-4d78-b1a5-2849326a78a1/1c/temp_shuffle_3608d75b-2132-4525-8cb9-e532098e48f9 (No such file or directory)
	at java.base/java.io.FileOutputStream.open0(Native Method)
	at java.base/java.io.FileOutputStream.open(FileOutputStream.java:293)
	at java.base/java.io.FileOutputStream.<init>(FileOutputStream.java:235)
	at org.apache.spark.storage.DiskBlockObjectWriter.initialize(DiskBlockObjectWriter.scala:148)
	at org.apache.spark.storage.DiskBlockObjectWriter.open(DiskBlockObjectWriter.scala:168)
	at org.apache.spark.storage.DiskBlockObjectWriter.write(DiskBlockObjectWriter.scala:333)
	at org.apache.spark.shuffle.sort.BypassMergeSortShuffleWriter.write(BypassMergeSortShuffleWriter.java:174)
	at org.apache.spark.shuffle.ShuffleWriteProcessor.write(ShuffleWriteProcessor.scala:57)
	at org.apache.spark.scheduler.ShuffleMapTask.runTask(ShuffleMapTask.scala:111)
	at org.apache.spark.scheduler.ShuffleMapTask.runTask(ShuffleMapTask.scala:54)
	at org.apache.spark.TaskContext.runTaskWithListeners(TaskContext.scala:171)
	at org.apache.spark.scheduler.Task.run(Task.scala:147)
	at org.apache.spark.executor.Executor$TaskRunner.$anonfun$run$5(Executor.scala:647)
	at org.apache.spark.util.SparkErrorUtils.tryWithSafeFinally(SparkErrorUtils.scala:80)
	at org.apache.spark.util.SparkErrorUtils.tryWithSafeFinally$(SparkErrorUtils.scala:77)
	at org.apache.spark.util.Utils$.tryWithSafeFinally(Utils.scala:99)
	at org.apache.spark.executor.Executor$TaskRunner.run(Executor.scala:650)
	at java.base/java.util.concurrent.ThreadPoolExecutor.runWorker(ThreadPoolExecutor.java:1136)
	at java.base/java.util.concurrent.ThreadPoolExecutor$Worker.run(ThreadPoolExecutor.java:635)
	at java.base/java.lang.Thread.run(Thread.java:840)

26/01/22 16:59:15 WARN TaskSetManager: Lost task 24.0 in stage 44.0 (TID 1555) (pc12830.Mathematik.Uni-Marburg.DE executor driver): java.io.FileNotFoundException: /storage/home/roqaya/NovaAD_Plus/src/tmp/spark-spill/blockmgr-df92e9ff-e7c7-4d78-b1a5-2849326a78a1/15/temp_shuffle_5296fb77-480d-4ca2-80b4-b020e0ed6dd0 (No such file or directory)
	at java.base/java.io.FileOutputStream.open0(Native Method)
	at java.base/java.io.FileOutputStream.open(FileOutputStream.java:293)
	at java.base/java.io.FileOutputStream.<init>(FileOutputStream.java:235)
	at org.apache.spark.storage.DiskBlockObjectWriter.initialize(DiskBlockObjectWriter.scala:148)
	at org.apache.spark.storage.DiskBlockObjectWriter.open(DiskBlockObjectWriter.scala:168)
	at org.apache.spark.storage.DiskBlockObjectWriter.write(DiskBlockObjectWriter.scala:333)
	at org.apache.spark.shuffle.sort.BypassMergeSortShuffleWriter.write(BypassMergeSortShuffleWriter.java:174)
	at org.apache.spark.shuffle.ShuffleWriteProcessor.write(ShuffleWriteProcessor.scala:57)
	at org.apache.spark.scheduler.ShuffleMapTask.runTask(ShuffleMapTask.scala:111)
	at org.apache.spark.scheduler.ShuffleMapTask.runTask(ShuffleMapTask.scala:54)
	at org.apache.spark.TaskContext.runTaskWithListeners(TaskContext.scala:171)
	at org.apache.spark.scheduler.Task.run(Task.scala:147)
	at org.apache.spark.executor.Executor$TaskRunner.$anonfun$run$5(Executor.scala:647)
	at org.apache.spark.util.SparkErrorUtils.tryWithSafeFinally(SparkErrorUtils.scala:80)
	at org.apache.spark.util.SparkErrorUtils.tryWithSafeFinally$(SparkErrorUtils.scala:77)
	at org.apache.spark.util.Utils$.tryWithSafeFinally(Utils.scala:99)
	at org.apache.spark.executor.Executor$TaskRunner.run(Executor.scala:650)
	at java.base/java.util.concurrent.ThreadPoolExecutor.runWorker(ThreadPoolExecutor.java:1136)
	at java.base/java.util.concurrent.ThreadPoolExecutor$Worker.run(ThreadPoolExecutor.java:635)
	at java.base/java.lang.Thread.run(Thread.java:840)

26/01/22 16:59:15 WARN TaskSetManager: Lost task 63.0 in stage 44.0 (TID 1594) (pc12830.Mathematik.Uni-Marburg.DE executor driver): java.io.FileNotFoundException: /storage/home/roqaya/NovaAD_Plus/src/tmp/spark-spill/blockmgr-df92e9ff-e7c7-4d78-b1a5-2849326a78a1/0b/temp_shuffle_45fc6f2f-637e-41e9-a918-983f923602ab (No such file or directory)
	at java.base/java.io.FileOutputStream.open0(Native Method)
	at java.base/java.io.FileOutputStream.open(FileOutputStream.java:293)
	at java.base/java.io.FileOutputStream.<init>(FileOutputStream.java:235)
	at org.apache.spark.storage.DiskBlockObjectWriter.initialize(DiskBlockObjectWriter.scala:148)
	at org.apache.spark.storage.DiskBlockObjectWriter.open(DiskBlockObjectWriter.scala:168)
	at org.apache.spark.storage.DiskBlockObjectWriter.write(DiskBlockObjectWriter.scala:333)
	at org.apache.spark.shuffle.sort.BypassMergeSortShuffleWriter.write(BypassMergeSortShuffleWriter.java:174)
	at org.apache.spark.shuffle.ShuffleWriteProcessor.write(ShuffleWriteProcessor.scala:57)
	at org.apache.spark.scheduler.ShuffleMapTask.runTask(ShuffleMapTask.scala:111)
	at org.apache.spark.scheduler.ShuffleMapTask.runTask(ShuffleMapTask.scala:54)
	at org.apache.spark.TaskContext.runTaskWithListeners(TaskContext.scala:171)
	at org.apache.spark.scheduler.Task.run(Task.scala:147)
	at org.apache.spark.executor.Executor$TaskRunner.$anonfun$run$5(Executor.scala:647)
	at org.apache.spark.util.SparkErrorUtils.tryWithSafeFinally(SparkErrorUtils.scala:80)
	at org.apache.spark.util.SparkErrorUtils.tryWithSafeFinally$(SparkErrorUtils.scala:77)
	at org.apache.spark.util.Utils$.tryWithSafeFinally(Utils.scala:99)
	at org.apache.spark.executor.Executor$TaskRunner.run(Executor.scala:650)
	at java.base/java.util.concurrent.ThreadPoolExecutor.runWorker(ThreadPoolExecutor.java:1136)
	at java.base/java.util.concurrent.ThreadPoolExecutor$Worker.run(ThreadPoolExecutor.java:635)
	at java.base/java.lang.Thread.run(Thread.java:840)

26/01/22 16:59:15 WARN TaskSetManager: Lost task 62.0 in stage 44.0 (TID 1593) (pc12830.Mathematik.Uni-Marburg.DE executor driver): java.io.FileNotFoundException: /storage/home/roqaya/NovaAD_Plus/src/tmp/spark-spill/blockmgr-df92e9ff-e7c7-4d78-b1a5-2849326a78a1/09/temp_shuffle_300d474b-be52-4a04-8cfa-db12af1992c7 (No such file or directory)
	at java.base/java.io.FileOutputStream.open0(Native Method)
	at java.base/java.io.FileOutputStream.open(FileOutputStream.java:293)
	at java.base/java.io.FileOutputStream.<init>(FileOutputStream.java:235)
	at org.apache.spark.storage.DiskBlockObjectWriter.initialize(DiskBlockObjectWriter.scala:148)
	at org.apache.spark.storage.DiskBlockObjectWriter.open(DiskBlockObjectWriter.scala:168)
	at org.apache.spark.storage.DiskBlockObjectWriter.write(DiskBlockObjectWriter.scala:333)
	at org.apache.spark.shuffle.sort.BypassMergeSortShuffleWriter.write(BypassMergeSortShuffleWriter.java:174)
	at org.apache.spark.shuffle.ShuffleWriteProcessor.write(ShuffleWriteProcessor.scala:57)
	at org.apache.spark.scheduler.ShuffleMapTask.runTask(ShuffleMapTask.scala:111)
	at org.apache.spark.scheduler.ShuffleMapTask.runTask(ShuffleMapTask.scala:54)
	at org.apache.spark.TaskContext.runTaskWithListeners(TaskContext.scala:171)
	at org.apache.spark.scheduler.Task.run(Task.scala:147)
	at org.apache.spark.executor.Executor$TaskRunner.$anonfun$run$5(Executor.scala:647)
	at org.apache.spark.util.SparkErrorUtils.tryWithSafeFinally(SparkErrorUtils.scala:80)
	at org.apache.spark.util.SparkErrorUtils.tryWithSafeFinally$(SparkErrorUtils.scala:77)
	at org.apache.spark.util.Utils$.tryWithSafeFinally(Utils.scala:99)
	at org.apache.spark.executor.Executor$TaskRunner.run(Executor.scala:650)
	at java.base/java.util.concurrent.ThreadPoolExecutor.runWorker(ThreadPoolExecutor.java:1136)
	at java.base/java.util.concurrent.ThreadPoolExecutor$Worker.run(ThreadPoolExecutor.java:635)
	at java.base/java.lang.Thread.run(Thread.java:840)

26/01/22 16:59:15 WARN TaskSetManager: Lost task 41.0 in stage 44.0 (TID 1572) (pc12830.Mathematik.Uni-Marburg.DE executor driver): java.io.FileNotFoundException: /storage/home/roqaya/NovaAD_Plus/src/tmp/spark-spill/blockmgr-df92e9ff-e7c7-4d78-b1a5-2849326a78a1/3e/temp_shuffle_1f53d862-5ae3-4bbb-b9a1-4b1f402b1cee (No such file or directory)
	at java.base/java.io.FileOutputStream.open0(Native Method)
	at java.base/java.io.FileOutputStream.open(FileOutputStream.java:293)
	at java.base/java.io.FileOutputStream.<init>(FileOutputStream.java:235)
	at org.apache.spark.storage.DiskBlockObjectWriter.initialize(DiskBlockObjectWriter.scala:148)
	at org.apache.spark.storage.DiskBlockObjectWriter.open(DiskBlockObjectWriter.scala:168)
	at org.apache.spark.storage.DiskBlockObjectWriter.write(DiskBlockObjectWriter.scala:333)
	at org.apache.spark.shuffle.sort.BypassMergeSortShuffleWriter.write(BypassMergeSortShuffleWriter.java:174)
	at org.apache.spark.shuffle.ShuffleWriteProcessor.write(ShuffleWriteProcessor.scala:57)
	at org.apache.spark.scheduler.ShuffleMapTask.runTask(ShuffleMapTask.scala:111)
	at org.apache.spark.scheduler.ShuffleMapTask.runTask(ShuffleMapTask.scala:54)
	at org.apache.spark.TaskContext.runTaskWithListeners(TaskContext.scala:171)
	at org.apache.spark.scheduler.Task.run(Task.scala:147)
	at org.apache.spark.executor.Executor$TaskRunner.$anonfun$run$5(Executor.scala:647)
	at org.apache.spark.util.SparkErrorUtils.tryWithSafeFinally(SparkErrorUtils.scala:80)
	at org.apache.spark.util.SparkErrorUtils.tryWithSafeFinally$(SparkErrorUtils.scala:77)
	at org.apache.spark.util.Utils$.tryWithSafeFinally(Utils.scala:99)
	at org.apache.spark.executor.Executor$TaskRunner.run(Executor.scala:650)
	at java.base/java.util.concurrent.ThreadPoolExecutor.runWorker(ThreadPoolExecutor.java:1136)
	at java.base/java.util.concurrent.ThreadPoolExecutor$Worker.run(ThreadPoolExecutor.java:635)
	at java.base/java.lang.Thread.run(Thread.java:840)

26/01/22 16:59:15 WARN TaskSetManager: Lost task 59.0 in stage 44.0 (TID 1590) (pc12830.Mathematik.Uni-Marburg.DE executor driver): java.io.FileNotFoundException: /storage/home/roqaya/NovaAD_Plus/src/tmp/spark-spill/blockmgr-df92e9ff-e7c7-4d78-b1a5-2849326a78a1/21/temp_shuffle_bbecb426-d915-49a1-a056-9d77890b4a03 (No such file or directory)
	at java.base/java.io.FileOutputStream.open0(Native Method)
	at java.base/java.io.FileOutputStream.open(FileOutputStream.java:293)
	at java.base/java.io.FileOutputStream.<init>(FileOutputStream.java:235)
	at org.apache.spark.storage.DiskBlockObjectWriter.initialize(DiskBlockObjectWriter.scala:148)
	at org.apache.spark.storage.DiskBlockObjectWriter.open(DiskBlockObjectWriter.scala:168)
	at org.apache.spark.storage.DiskBlockObjectWriter.write(DiskBlockObjectWriter.scala:333)
	at org.apache.spark.shuffle.sort.BypassMergeSortShuffleWriter.write(BypassMergeSortShuffleWriter.java:174)
	at org.apache.spark.shuffle.ShuffleWriteProcessor.write(ShuffleWriteProcessor.scala:57)
	at org.apache.spark.scheduler.ShuffleMapTask.runTask(ShuffleMapTask.scala:111)
	at org.apache.spark.scheduler.ShuffleMapTask.runTask(ShuffleMapTask.scala:54)
	at org.apache.spark.TaskContext.runTaskWithListeners(TaskContext.scala:171)
	at org.apache.spark.scheduler.Task.run(Task.scala:147)
	at org.apache.spark.executor.Executor$TaskRunner.$anonfun$run$5(Executor.scala:647)
	at org.apache.spark.util.SparkErrorUtils.tryWithSafeFinally(SparkErrorUtils.scala:80)
	at org.apache.spark.util.SparkErrorUtils.tryWithSafeFinally$(SparkErrorUtils.scala:77)
	at org.apache.spark.util.Utils$.tryWithSafeFinally(Utils.scala:99)
	at org.apache.spark.executor.Executor$TaskRunner.run(Executor.scala:650)
	at java.base/java.util.concurrent.ThreadPoolExecutor.runWorker(ThreadPoolExecutor.java:1136)
	at java.base/java.util.concurrent.ThreadPoolExecutor$Worker.run(ThreadPoolExecutor.java:635)
	at java.base/java.lang.Thread.run(Thread.java:840)

26/01/22 16:59:15 WARN TaskSetManager: Lost task 18.0 in stage 44.0 (TID 1549) (pc12830.Mathematik.Uni-Marburg.DE executor driver): java.io.FileNotFoundException: /storage/home/roqaya/NovaAD_Plus/src/tmp/spark-spill/blockmgr-df92e9ff-e7c7-4d78-b1a5-2849326a78a1/11/temp_shuffle_49987635-4075-4cfa-b121-61779fa08868 (No such file or directory)
	at java.base/java.io.FileOutputStream.open0(Native Method)
	at java.base/java.io.FileOutputStream.open(FileOutputStream.java:293)
	at java.base/java.io.FileOutputStream.<init>(FileOutputStream.java:235)
	at org.apache.spark.storage.DiskBlockObjectWriter.initialize(DiskBlockObjectWriter.scala:148)
	at org.apache.spark.storage.DiskBlockObjectWriter.open(DiskBlockObjectWriter.scala:168)
	at org.apache.spark.storage.DiskBlockObjectWriter.write(DiskBlockObjectWriter.scala:333)
	at org.apache.spark.shuffle.sort.BypassMergeSortShuffleWriter.write(BypassMergeSortShuffleWriter.java:174)
	at org.apache.spark.shuffle.ShuffleWriteProcessor.write(ShuffleWriteProcessor.scala:57)
	at org.apache.spark.scheduler.ShuffleMapTask.runTask(ShuffleMapTask.scala:111)
	at org.apache.spark.scheduler.ShuffleMapTask.runTask(ShuffleMapTask.scala:54)
	at org.apache.spark.TaskContext.runTaskWithListeners(TaskContext.scala:171)
	at org.apache.spark.scheduler.Task.run(Task.scala:147)
	at org.apache.spark.executor.Executor$TaskRunner.$anonfun$run$5(Executor.scala:647)
	at org.apache.spark.util.SparkErrorUtils.tryWithSafeFinally(SparkErrorUtils.scala:80)
	at org.apache.spark.util.SparkErrorUtils.tryWithSafeFinally$(SparkErrorUtils.scala:77)
	at org.apache.spark.util.Utils$.tryWithSafeFinally(Utils.scala:99)
	at org.apache.spark.executor.Executor$TaskRunner.run(Executor.scala:650)
	at java.base/java.util.concurrent.ThreadPoolExecutor.runWorker(ThreadPoolExecutor.java:1136)
	at java.base/java.util.concurrent.ThreadPoolExecutor$Worker.run(ThreadPoolExecutor.java:635)
	at java.base/java.lang.Thread.run(Thread.java:840)

26/01/22 16:59:15 WARN TaskSetManager: Lost task 13.0 in stage 44.0 (TID 1544) (pc12830.Mathematik.Uni-Marburg.DE executor driver): java.io.FileNotFoundException: /storage/home/roqaya/NovaAD_Plus/src/tmp/spark-spill/blockmgr-df92e9ff-e7c7-4d78-b1a5-2849326a78a1/3b/temp_shuffle_25f270a0-10eb-4e5c-96b8-affa23144b0a (No such file or directory)
	at java.base/java.io.FileOutputStream.open0(Native Method)
	at java.base/java.io.FileOutputStream.open(FileOutputStream.java:293)
	at java.base/java.io.FileOutputStream.<init>(FileOutputStream.java:235)
	at org.apache.spark.storage.DiskBlockObjectWriter.initialize(DiskBlockObjectWriter.scala:148)
	at org.apache.spark.storage.DiskBlockObjectWriter.open(DiskBlockObjectWriter.scala:168)
	at org.apache.spark.storage.DiskBlockObjectWriter.write(DiskBlockObjectWriter.scala:333)
	at org.apache.spark.shuffle.sort.BypassMergeSortShuffleWriter.write(BypassMergeSortShuffleWriter.java:174)
	at org.apache.spark.shuffle.ShuffleWriteProcessor.write(ShuffleWriteProcessor.scala:57)
	at org.apache.spark.scheduler.ShuffleMapTask.runTask(ShuffleMapTask.scala:111)
	at org.apache.spark.scheduler.ShuffleMapTask.runTask(ShuffleMapTask.scala:54)
	at org.apache.spark.TaskContext.runTaskWithListeners(TaskContext.scala:171)
	at org.apache.spark.scheduler.Task.run(Task.scala:147)
	at org.apache.spark.executor.Executor$TaskRunner.$anonfun$run$5(Executor.scala:647)
	at org.apache.spark.util.SparkErrorUtils.tryWithSafeFinally(SparkErrorUtils.scala:80)
	at org.apache.spark.util.SparkErrorUtils.tryWithSafeFinally$(SparkErrorUtils.scala:77)
	at org.apache.spark.util.Utils$.tryWithSafeFinally(Utils.scala:99)
	at org.apache.spark.executor.Executor$TaskRunner.run(Executor.scala:650)
	at java.base/java.util.concurrent.ThreadPoolExecutor.runWorker(ThreadPoolExecutor.java:1136)
	at java.base/java.util.concurrent.ThreadPoolExecutor$Worker.run(ThreadPoolExecutor.java:635)
	at java.base/java.lang.Thread.run(Thread.java:840)

26/01/22 16:59:15 WARN TaskSetManager: Lost task 67.0 in stage 44.0 (TID 1598) (pc12830.Mathematik.Uni-Marburg.DE executor driver): java.io.FileNotFoundException: /storage/home/roqaya/NovaAD_Plus/src/tmp/spark-spill/blockmgr-df92e9ff-e7c7-4d78-b1a5-2849326a78a1/36/temp_shuffle_2331b34d-b22d-4f59-b67a-ab84e58a4690 (No such file or directory)
	at java.base/java.io.FileOutputStream.open0(Native Method)
	at java.base/java.io.FileOutputStream.open(FileOutputStream.java:293)
	at java.base/java.io.FileOutputStream.<init>(FileOutputStream.java:235)
	at org.apache.spark.storage.DiskBlockObjectWriter.initialize(DiskBlockObjectWriter.scala:148)
	at org.apache.spark.storage.DiskBlockObjectWriter.open(DiskBlockObjectWriter.scala:168)
	at org.apache.spark.storage.DiskBlockObjectWriter.write(DiskBlockObjectWriter.scala:333)
	at org.apache.spark.shuffle.sort.BypassMergeSortShuffleWriter.write(BypassMergeSortShuffleWriter.java:174)
	at org.apache.spark.shuffle.ShuffleWriteProcessor.write(ShuffleWriteProcessor.scala:57)
	at org.apache.spark.scheduler.ShuffleMapTask.runTask(ShuffleMapTask.scala:111)
	at org.apache.spark.scheduler.ShuffleMapTask.runTask(ShuffleMapTask.scala:54)
	at org.apache.spark.TaskContext.runTaskWithListeners(TaskContext.scala:171)
	at org.apache.spark.scheduler.Task.run(Task.scala:147)
	at org.apache.spark.executor.Executor$TaskRunner.$anonfun$run$5(Executor.scala:647)
	at org.apache.spark.util.SparkErrorUtils.tryWithSafeFinally(SparkErrorUtils.scala:80)
	at org.apache.spark.util.SparkErrorUtils.tryWithSafeFinally$(SparkErrorUtils.scala:77)
	at org.apache.spark.util.Utils$.tryWithSafeFinally(Utils.scala:99)
	at org.apache.spark.executor.Executor$TaskRunner.run(Executor.scala:650)
	at java.base/java.util.concurrent.ThreadPoolExecutor.runWorker(ThreadPoolExecutor.java:1136)
	at java.base/java.util.concurrent.ThreadPoolExecutor$Worker.run(ThreadPoolExecutor.java:635)
	at java.base/java.lang.Thread.run(Thread.java:840)

26/01/22 16:59:15 WARN TaskSetManager: Lost task 66.0 in stage 44.0 (TID 1597) (pc12830.Mathematik.Uni-Marburg.DE executor driver): java.io.FileNotFoundException: /storage/home/roqaya/NovaAD_Plus/src/tmp/spark-spill/blockmgr-df92e9ff-e7c7-4d78-b1a5-2849326a78a1/08/temp_shuffle_971285ff-dcef-4729-9783-e278cef95150 (No such file or directory)
	at java.base/java.io.FileOutputStream.open0(Native Method)
	at java.base/java.io.FileOutputStream.open(FileOutputStream.java:293)
	at java.base/java.io.FileOutputStream.<init>(FileOutputStream.java:235)
	at org.apache.spark.storage.DiskBlockObjectWriter.initialize(DiskBlockObjectWriter.scala:148)
	at org.apache.spark.storage.DiskBlockObjectWriter.open(DiskBlockObjectWriter.scala:168)
	at org.apache.spark.storage.DiskBlockObjectWriter.write(DiskBlockObjectWriter.scala:333)
	at org.apache.spark.shuffle.sort.BypassMergeSortShuffleWriter.write(BypassMergeSortShuffleWriter.java:174)
	at org.apache.spark.shuffle.ShuffleWriteProcessor.write(ShuffleWriteProcessor.scala:57)
	at org.apache.spark.scheduler.ShuffleMapTask.runTask(ShuffleMapTask.scala:111)
	at org.apache.spark.scheduler.ShuffleMapTask.runTask(ShuffleMapTask.scala:54)
	at org.apache.spark.TaskContext.runTaskWithListeners(TaskContext.scala:171)
	at org.apache.spark.scheduler.Task.run(Task.scala:147)
	at org.apache.spark.executor.Executor$TaskRunner.$anonfun$run$5(Executor.scala:647)
	at org.apache.spark.util.SparkErrorUtils.tryWithSafeFinally(SparkErrorUtils.scala:80)
	at org.apache.spark.util.SparkErrorUtils.tryWithSafeFinally$(SparkErrorUtils.scala:77)
	at org.apache.spark.util.Utils$.tryWithSafeFinally(Utils.scala:99)
	at org.apache.spark.executor.Executor$TaskRunner.run(Executor.scala:650)
	at java.base/java.util.concurrent.ThreadPoolExecutor.runWorker(ThreadPoolExecutor.java:1136)
	at java.base/java.util.concurrent.ThreadPoolExecutor$Worker.run(ThreadPoolExecutor.java:635)
	at java.base/java.lang.Thread.run(Thread.java:840)

26/01/22 16:59:15 WARN TaskSetManager: Lost task 68.0 in stage 44.0 (TID 1599) (pc12830.Mathematik.Uni-Marburg.DE executor driver): java.io.FileNotFoundException: /storage/home/roqaya/NovaAD_Plus/src/tmp/spark-spill/blockmgr-df92e9ff-e7c7-4d78-b1a5-2849326a78a1/14/temp_shuffle_4375286f-b1ea-45cc-acb2-599079964f99 (No such file or directory)
	at java.base/java.io.FileOutputStream.open0(Native Method)
	at java.base/java.io.FileOutputStream.open(FileOutputStream.java:293)
	at java.base/java.io.FileOutputStream.<init>(FileOutputStream.java:235)
	at org.apache.spark.storage.DiskBlockObjectWriter.initialize(DiskBlockObjectWriter.scala:148)
	at org.apache.spark.storage.DiskBlockObjectWriter.open(DiskBlockObjectWriter.scala:168)
	at org.apache.spark.storage.DiskBlockObjectWriter.write(DiskBlockObjectWriter.scala:333)
	at org.apache.spark.shuffle.sort.BypassMergeSortShuffleWriter.write(BypassMergeSortShuffleWriter.java:174)
	at org.apache.spark.shuffle.ShuffleWriteProcessor.write(ShuffleWriteProcessor.scala:57)
	at org.apache.spark.scheduler.ShuffleMapTask.runTask(ShuffleMapTask.scala:111)
	at org.apache.spark.scheduler.ShuffleMapTask.runTask(ShuffleMapTask.scala:54)
	at org.apache.spark.TaskContext.runTaskWithListeners(TaskContext.scala:171)
	at org.apache.spark.scheduler.Task.run(Task.scala:147)
	at org.apache.spark.executor.Executor$TaskRunner.$anonfun$run$5(Executor.scala:647)
	at org.apache.spark.util.SparkErrorUtils.tryWithSafeFinally(SparkErrorUtils.scala:80)
	at org.apache.spark.util.SparkErrorUtils.tryWithSafeFinally$(SparkErrorUtils.scala:77)
	at org.apache.spark.util.Utils$.tryWithSafeFinally(Utils.scala:99)
	at org.apache.spark.executor.Executor$TaskRunner.run(Executor.scala:650)
	at java.base/java.util.concurrent.ThreadPoolExecutor.runWorker(ThreadPoolExecutor.java:1136)
	at java.base/java.util.concurrent.ThreadPoolExecutor$Worker.run(ThreadPoolExecutor.java:635)
	at java.base/java.lang.Thread.run(Thread.java:840)

26/01/22 16:59:15 WARN TaskSetManager: Lost task 69.0 in stage 44.0 (TID 1600) (pc12830.Mathematik.Uni-Marburg.DE executor driver): TaskKilled (Stage cancelled: Job aborted due to stage failure: Task 25 in stage 44.0 failed 1 times, most recent failure: Lost task 25.0 in stage 44.0 (TID 1556) (pc12830.Mathematik.Uni-Marburg.DE executor driver): java.io.FileNotFoundException: /storage/home/roqaya/NovaAD_Plus/src/tmp/spark-spill/blockmgr-df92e9ff-e7c7-4d78-b1a5-2849326a78a1/2a/temp_shuffle_93ef5a1e-0ca6-4e0c-8232-8465422d88b2 (No such file or directory)
	at java.base/java.io.FileOutputStream.open0(Native Method)
	at java.base/java.io.FileOutputStream.open(FileOutputStream.java:293)
	at java.base/java.io.FileOutputStream.<init>(FileOutputStream.java:235)
	at org.apache.spark.storage.DiskBlockObjectWriter.initialize(DiskBlockObjectWriter.scala:148)
	at org.apache.spark.storage.DiskBlockObjectWriter.open(DiskBlockObjectWriter.scala:168)
	at org.apache.spark.storage.DiskBlockObjectWriter.write(DiskBlockObjectWriter.scala:333)
	at org.apache.spark.shuffle.sort.BypassMergeSortShuffleWriter.write(BypassMergeSortShuffleWriter.java:174)
	at org.apache.spark.shuffle.ShuffleWriteProcessor.write(ShuffleWriteProcessor.scala:57)
	at org.apache.spark.scheduler.ShuffleMapTask.runTask(ShuffleMapTask.scala:111)
	at org.apache.spark.scheduler.ShuffleMapTask.runTask(ShuffleMapTask.scala:54)
	at org.apache.spark.TaskContext.runTaskWithListeners(TaskContext.scala:171)
	at org.apache.spark.scheduler.Task.run(Task.scala:147)
	at org.apache.spark.executor.Executor$TaskRunner.$anonfun$run$5(Executor.scala:647)
	at org.apache.spark.util.SparkErrorUtils.tryWithSafeFinally(SparkErrorUtils.scala:80)
	at org.apache.spark.util.SparkErrorUtils.tryWithSafeFinally$(SparkErrorUtils.scala:77)
	at org.apache.spark.util.Utils$.tryWithSafeFinally(Utils.scala:99)
	at org.apache.spark.executor.Executor$TaskRunner.run(Executor.scala:650)
	at java.base/java.util.concurrent.ThreadPoolExecutor.runWorker(ThreadPoolExecutor.java:1136)
	at java.base/java.util.concurrent.ThreadPoolExecutor$Worker.run(ThreadPoolExecutor.java:635)
	at java.base/java.lang.Thread.run(Thread.java:840)

Driver stacktrace:)
26/01/22 16:59:15 WARN TaskSetManager: Lost task 64.0 in stage 44.0 (TID 1595) (pc12830.Mathematik.Uni-Marburg.DE executor driver): TaskKilled (Stage cancelled: Job aborted due to stage failure: Task 25 in stage 44.0 failed 1 times, most recent failure: Lost task 25.0 in stage 44.0 (TID 1556) (pc12830.Mathematik.Uni-Marburg.DE executor driver): java.io.FileNotFoundException: /storage/home/roqaya/NovaAD_Plus/src/tmp/spark-spill/blockmgr-df92e9ff-e7c7-4d78-b1a5-2849326a78a1/2a/temp_shuffle_93ef5a1e-0ca6-4e0c-8232-8465422d88b2 (No such file or directory)
	at java.base/java.io.FileOutputStream.open0(Native Method)
	at java.base/java.io.FileOutputStream.open(FileOutputStream.java:293)
	at java.base/java.io.FileOutputStream.<init>(FileOutputStream.java:235)
	at org.apache.spark.storage.DiskBlockObjectWriter.initialize(DiskBlockObjectWriter.scala:148)
	at org.apache.spark.storage.DiskBlockObjectWriter.open(DiskBlockObjectWriter.scala:168)
	at org.apache.spark.storage.DiskBlockObjectWriter.write(DiskBlockObjectWriter.scala:333)
	at org.apache.spark.shuffle.sort.BypassMergeSortShuffleWriter.write(BypassMergeSortShuffleWriter.java:174)
	at org.apache.spark.shuffle.ShuffleWriteProcessor.write(ShuffleWriteProcessor.scala:57)
	at org.apache.spark.scheduler.ShuffleMapTask.runTask(ShuffleMapTask.scala:111)
	at org.apache.spark.scheduler.ShuffleMapTask.runTask(ShuffleMapTask.scala:54)
	at org.apache.spark.TaskContext.runTaskWithListeners(TaskContext.scala:171)
	at org.apache.spark.scheduler.Task.run(Task.scala:147)
	at org.apache.spark.executor.Executor$TaskRunner.$anonfun$run$5(Executor.scala:647)
	at org.apache.spark.util.SparkErrorUtils.tryWithSafeFinally(SparkErrorUtils.scala:80)
	at org.apache.spark.util.SparkErrorUtils.tryWithSafeFinally$(SparkErrorUtils.scala:77)
	at org.apache.spark.util.Utils$.tryWithSafeFinally(Utils.scala:99)
	at org.apache.spark.executor.Executor$TaskRunner.run(Executor.scala:650)
	at java.base/java.util.concurrent.ThreadPoolExecutor.runWorker(ThreadPoolExecutor.java:1136)
	at java.base/java.util.concurrent.ThreadPoolExecutor$Worker.run(ThreadPoolExecutor.java:635)
	at java.base/java.lang.Thread.run(Thread.java:840)

Driver stacktrace:)
26/01/22 16:59:15 WARN TaskSetManager: Lost task 65.0 in stage 44.0 (TID 1596) (pc12830.Mathematik.Uni-Marburg.DE executor driver): java.io.FileNotFoundException: /storage/home/roqaya/NovaAD_Plus/src/tmp/spark-spill/blockmgr-df92e9ff-e7c7-4d78-b1a5-2849326a78a1/17/temp_shuffle_9e981be5-003c-4431-a578-a98320ebec18 (No such file or directory)
	at java.base/java.io.FileOutputStream.open0(Native Method)
	at java.base/java.io.FileOutputStream.open(FileOutputStream.java:293)
	at java.base/java.io.FileOutputStream.<init>(FileOutputStream.java:235)
	at org.apache.spark.storage.DiskBlockObjectWriter.initialize(DiskBlockObjectWriter.scala:148)
	at org.apache.spark.storage.DiskBlockObjectWriter.open(DiskBlockObjectWriter.scala:168)
	at org.apache.spark.storage.DiskBlockObjectWriter.write(DiskBlockObjectWriter.scala:333)
	at org.apache.spark.shuffle.sort.BypassMergeSortShuffleWriter.write(BypassMergeSortShuffleWriter.java:174)
	at org.apache.spark.shuffle.ShuffleWriteProcessor.write(ShuffleWriteProcessor.scala:57)
	at org.apache.spark.scheduler.ShuffleMapTask.runTask(ShuffleMapTask.scala:111)
	at org.apache.spark.scheduler.ShuffleMapTask.runTask(ShuffleMapTask.scala:54)
	at org.apache.spark.TaskContext.runTaskWithListeners(TaskContext.scala:171)
	at org.apache.spark.scheduler.Task.run(Task.scala:147)
	at org.apache.spark.executor.Executor$TaskRunner.$anonfun$run$5(Executor.scala:647)
	at org.apache.spark.util.SparkErrorUtils.tryWithSafeFinally(SparkErrorUtils.scala:80)
	at org.apache.spark.util.SparkErrorUtils.tryWithSafeFinally$(SparkErrorUtils.scala:77)
	at org.apache.spark.util.Utils$.tryWithSafeFinally(Utils.scala:99)
	at org.apache.spark.executor.Executor$TaskRunner.run(Executor.scala:650)
	at java.base/java.util.concurrent.ThreadPoolExecutor.runWorker(ThreadPoolExecutor.java:1136)
	at java.base/java.util.concurrent.ThreadPoolExecutor$Worker.run(ThreadPoolExecutor.java:635)
	at java.base/java.lang.Thread.run(Thread.java:840)

Traceback (most recent call last):
  File "/storage/home/roqaya/NovaAD_Plus/src/pyspark_main.py", line 641, in <module>
    main()
  File "/storage/home/roqaya/NovaAD_Plus/src/pyspark_main.py", line 325, in main
    number_component, best_topic_number = features_extracting_obj.features_extracting_configuring_tuning(
  File "/storage/home/roqaya/NovaAD_Plus/src/pyspark_features_extracting.py", line 113, in features_extracting_configuring_tuning
    count_row_notnull = df_features.filter(col("processed_EventTemplate").isNotNull()).count()
  File "/storage/home/roqaya/conda_envs/AD/lib/python3.10/site-packages/pyspark/sql/classic/dataframe.py", line 439, in count
    return int(self._jdf.count())
  File "/storage/home/roqaya/conda_envs/AD/lib/python3.10/site-packages/py4j/java_gateway.py", line 1362, in __call__
    return_value = get_return_value(
  File "/storage/home/roqaya/conda_envs/AD/lib/python3.10/site-packages/pyspark/errors/exceptions/captured.py", line 282, in deco
    return f(*a, **kw)
  File "/storage/home/roqaya/conda_envs/AD/lib/python3.10/site-packages/py4j/protocol.py", line 327, in get_return_value
    raise Py4JJavaError(
py4j.protocol.Py4JJavaError: An error occurred while calling o162.count.
: org.apache.spark.SparkException: Job aborted due to stage failure: Task 25 in stage 44.0 failed 1 times, most recent failure: Lost task 25.0 in stage 44.0 (TID 1556) (pc12830.Mathematik.Uni-Marburg.DE executor driver): java.io.FileNotFoundException: /storage/home/roqaya/NovaAD_Plus/src/tmp/spark-spill/blockmgr-df92e9ff-e7c7-4d78-b1a5-2849326a78a1/2a/temp_shuffle_93ef5a1e-0ca6-4e0c-8232-8465422d88b2 (No such file or directory)
	at java.base/java.io.FileOutputStream.open0(Native Method)
	at java.base/java.io.FileOutputStream.open(FileOutputStream.java:293)
	at java.base/java.io.FileOutputStream.<init>(FileOutputStream.java:235)
	at org.apache.spark.storage.DiskBlockObjectWriter.initialize(DiskBlockObjectWriter.scala:148)
	at org.apache.spark.storage.DiskBlockObjectWriter.open(DiskBlockObjectWriter.scala:168)
	at org.apache.spark.storage.DiskBlockObjectWriter.write(DiskBlockObjectWriter.scala:333)
	at org.apache.spark.shuffle.sort.BypassMergeSortShuffleWriter.write(BypassMergeSortShuffleWriter.java:174)
	at org.apache.spark.shuffle.ShuffleWriteProcessor.write(ShuffleWriteProcessor.scala:57)
	at org.apache.spark.scheduler.ShuffleMapTask.runTask(ShuffleMapTask.scala:111)
	at org.apache.spark.scheduler.ShuffleMapTask.runTask(ShuffleMapTask.scala:54)
	at org.apache.spark.TaskContext.runTaskWithListeners(TaskContext.scala:171)
	at org.apache.spark.scheduler.Task.run(Task.scala:147)
	at org.apache.spark.executor.Executor$TaskRunner.$anonfun$run$5(Executor.scala:647)
	at org.apache.spark.util.SparkErrorUtils.tryWithSafeFinally(SparkErrorUtils.scala:80)
	at org.apache.spark.util.SparkErrorUtils.tryWithSafeFinally$(SparkErrorUtils.scala:77)
	at org.apache.spark.util.Utils$.tryWithSafeFinally(Utils.scala:99)
	at org.apache.spark.executor.Executor$TaskRunner.run(Executor.scala:650)
	at java.base/java.util.concurrent.ThreadPoolExecutor.runWorker(ThreadPoolExecutor.java:1136)
	at java.base/java.util.concurrent.ThreadPoolExecutor$Worker.run(ThreadPoolExecutor.java:635)
	at java.base/java.lang.Thread.run(Thread.java:840)

Driver stacktrace:
	at org.apache.spark.scheduler.DAGScheduler.$anonfun$abortStage$3(DAGScheduler.scala:2935)
	at scala.Option.getOrElse(Option.scala:201)
	at org.apache.spark.scheduler.DAGScheduler.$anonfun$abortStage$2(DAGScheduler.scala:2935)
	at org.apache.spark.scheduler.DAGScheduler.$anonfun$abortStage$2$adapted(DAGScheduler.scala:2927)
	at scala.collection.immutable.List.foreach(List.scala:334)
	at org.apache.spark.scheduler.DAGScheduler.abortStage(DAGScheduler.scala:2927)
	at org.apache.spark.scheduler.DAGScheduler.$anonfun$handleTaskSetFailed$1(DAGScheduler.scala:1295)
	at org.apache.spark.scheduler.DAGScheduler.$anonfun$handleTaskSetFailed$1$adapted(DAGScheduler.scala:1295)
	at scala.Option.foreach(Option.scala:437)
	at org.apache.spark.scheduler.DAGScheduler.handleTaskSetFailed(DAGScheduler.scala:1295)
	at org.apache.spark.scheduler.DAGSchedulerEventProcessLoop.doOnReceive(DAGScheduler.scala:3207)
	at org.apache.spark.scheduler.DAGSchedulerEventProcessLoop.onReceive(DAGScheduler.scala:3141)
	at org.apache.spark.scheduler.DAGSchedulerEventProcessLoop.onReceive(DAGScheduler.scala:3130)
	at org.apache.spark.util.EventLoop$$anon$1.run(EventLoop.scala:50)
Caused by: java.io.FileNotFoundException: /storage/home/roqaya/NovaAD_Plus/src/tmp/spark-spill/blockmgr-df92e9ff-e7c7-4d78-b1a5-2849326a78a1/2a/temp_shuffle_93ef5a1e-0ca6-4e0c-8232-8465422d88b2 (No such file or directory)
	at java.base/java.io.FileOutputStream.open0(Native Method)
	at java.base/java.io.FileOutputStream.open(FileOutputStream.java:293)
	at java.base/java.io.FileOutputStream.<init>(FileOutputStream.java:235)
	at org.apache.spark.storage.DiskBlockObjectWriter.initialize(DiskBlockObjectWriter.scala:148)
	at org.apache.spark.storage.DiskBlockObjectWriter.open(DiskBlockObjectWriter.scala:168)
	at org.apache.spark.storage.DiskBlockObjectWriter.write(DiskBlockObjectWriter.scala:333)
	at org.apache.spark.shuffle.sort.BypassMergeSortShuffleWriter.write(BypassMergeSortShuffleWriter.java:174)
	at org.apache.spark.shuffle.ShuffleWriteProcessor.write(ShuffleWriteProcessor.scala:57)
	at org.apache.spark.scheduler.ShuffleMapTask.runTask(ShuffleMapTask.scala:111)
	at org.apache.spark.scheduler.ShuffleMapTask.runTask(ShuffleMapTask.scala:54)
	at org.apache.spark.TaskContext.runTaskWithListeners(TaskContext.scala:171)
	at org.apache.spark.scheduler.Task.run(Task.scala:147)
	at org.apache.spark.executor.Executor$TaskRunner.$anonfun$run$5(Executor.scala:647)
	at org.apache.spark.util.SparkErrorUtils.tryWithSafeFinally(SparkErrorUtils.scala:80)
	at org.apache.spark.util.SparkErrorUtils.tryWithSafeFinally$(SparkErrorUtils.scala:77)
	at org.apache.spark.util.Utils$.tryWithSafeFinally(Utils.scala:99)
	at org.apache.spark.executor.Executor$TaskRunner.run(Executor.scala:650)
	at java.base/java.util.concurrent.ThreadPoolExecutor.runWorker(ThreadPoolExecutor.java:1136)
	at java.base/java.util.concurrent.ThreadPoolExecutor$Worker.run(ThreadPoolExecutor.java:635)
	at java.base/java.lang.Thread.run(Thread.java:840)

